;TYPE;Model;BETA;J;V;Pe;Ct;Cp;PWR_Hp;Torque_In-Lbf;Thrust_Lbf;DIAMETER_IN;Ct*;Cp*;Dominated
240;APC MR;APC MR;0.45;0;0;0;0.1154;0.0485;0.39;2.458;3.675;10;0.110371465;0.040801743;0
241;APC MR;APC MR;0.45;0.02;2.2;0.0563;0.1139;0.048;0.386;2.432;3.628;10;0.109002636;0.041500353;0
242;APC MR;APC MR;0.45;0.05;4.5;0.1122;0.1122;0.0474;0.382;2.405;3.574;10;0.106725111;0.042363018;0
243;APC MR;APC MR;0.45;0.07;6.7;0.1674;0.1103;0.0469;0.377;2.378;3.514;10;0.105058714;0.042814628;0
244;APC MR;APC MR;0.45;0.09;9;0.2214;0.1081;0.0464;0.373;2.35;3.444;10;0.103275056;0.043167438;0
245;APC MR;APC MR;0.45;0.12;11.2;0.274;0.1057;0.0458;0.368;2.321;3.367;10;0.100381916;0.043511403;0
246;APC MR;APC MR;0.45;0.14;13.5;0.3245;0.1031;0.0452;0.364;2.292;3.283;10;0.098309526;0.043617213;0
247;APC MR;APC MR;0.45;0.17;15.7;0.3725;0.1002;0.0447;0.359;2.265;3.192;10;0.094988022;0.043590678;0
248;APC MR;APC MR;0.45;0.19;18;0.4178;0.0971;0.0441;0.355;2.238;3.094;10;0.092633213;0.043449488;0
480;APC MR;APC MR;0.55;0;0;0;0.1226;0.0563;0.33;2.313;3.164;10;0.127861335;0.052405808;0
481;APC MR;APC MR;0.55;0.03;2.3;0.0593;0.1217;0.0564;0.331;2.316;3.14;10;0.125779918;0.053643143;0
482;APC MR;APC MR;0.55;0.05;4.7;0.1174;0.1206;0.0565;0.331;2.319;3.112;10;0.124261674;0.054344533;0
483;APC MR;APC MR;0.55;0.08;7;0.1742;0.1194;0.0565;0.331;2.321;3.08;10;0.121790882;0.055211368;0
484;APC MR;APC MR;0.55;0.11;9.4;0.2293;0.118;0.0566;0.332;2.323;3.044;10;0.11909101;0.055855903;0
510;APC MR;APC MR;0.55;0;0;0;0.1241;0.0643;0.517;3.26;3.953;10;0.127861335;0.052405808;0
511;APC MR;APC MR;0.55;0.03;2.6;0.0534;0.1232;0.0635;0.511;3.219;3.923;10;0.125779918;0.053643143;0
512;APC MR;APC MR;0.55;0.06;5.2;0.1071;0.1221;0.0627;0.504;3.178;3.888;10;0.12346374;0.054658178;0
513;APC MR;APC MR;0.55;0.08;7.8;0.1611;0.1208;0.0619;0.498;3.138;3.848;10;0.121790882;0.055211368;0
514;APC MR;APC MR;0.55;0.11;10.4;0.2149;0.1193;0.0611;0.492;3.098;3.802;10;0.11909101;0.055855903;0
515;APC MR;APC MR;0.55;0.14;13;0.2683;0.1176;0.0603;0.485;3.058;3.748;10;0.116165465;0.056278138;0
516;APC MR;APC MR;0.55;0.17;15.6;0.321;0.1157;0.0595;0.479;3.016;3.686;10;0.113017658;0.056478073;0
517;APC MR;APC MR;0.55;0.19;18.2;0.3726;0.1135;0.0586;0.472;2.973;3.615;10;0.110797323;0.056487863;0
518;APC MR;APC MR;0.55;0.22;20.8;0.4225;0.1109;0.0577;0.464;2.927;3.532;10;0.10728665;0.056317298;0
519;APC MR;APC MR;0.55;0.25;23.4;0.4703;0.1078;0.0567;0.456;2.877;3.434;10;0.103562804;0.055924433;0
520;APC MR;APC MR;0.55;0.28;26;0.5153;0.1043;0.0557;0.448;2.822;3.322;10;0.099629191;0.055309268;0
521;APC MR;APC MR;0.55;0.3;28.7;0.5563;0.1004;0.0546;0.439;2.769;3.199;10;0.09689193;0.054775658;0
522;APC MR;APC MR;0.55;0.33;31.3;0.5932;0.0962;0.0536;0.431;2.715;3.066;10;0.092616283;0.053789993;0
750;APC MR;APC MR;0.409090909;0;0;0;0.107;0.0419;0.395;2.769;4.043;11;0.102448629;0.036182151;0
751;APC MR;APC MR;0.409090909;0.02;2.1;0.0567;0.1054;0.0413;0.39;2.734;3.98;11;0.101076744;0.036818996;0
960;APC MR;APC MR;0.375;0;0;0;0.1019;0.0374;0.384;3.023;4.307;12;0.095634766;0.03249543;0
961;APC MR;APC MR;0.375;0.02;1.9;0.0568;0.1;0.0369;0.378;2.981;4.228;12;0.094260333;0.033080805;0
962;APC MR;APC MR;0.375;0.04;3.8;0.1128;0.098;0.0365;0.374;2.944;4.142;12;0.09275491;0.03356738;0
963;APC MR;APC MR;0.375;0.06;5.7;0.1673;0.0958;0.0361;0.37;2.911;4.05;12;0.091119506;0.033955155;0
1170;APC MR;APC MR;0.458333333;0;0;0;0.1128;0.0513;0.526;4.142;4.769;12;0.111941565;0.041760791;0
1171;APC MR;APC MR;0.458333333;0.02;2.2;0.0535;0.1114;0.0503;0.516;4.061;4.711;12;0.110573359;0.042471983;0
1172;APC MR;APC MR;0.458333333;0.05;4.4;0.1076;0.1099;0.0493;0.505;3.981;4.646;12;0.108299103;0.043353521;0
1173;APC MR;APC MR;0.458333333;0.07;6.6;0.1621;0.1082;0.0483;0.495;3.901;4.573;12;0.10663644;0.043817712;0
1174;APC MR;APC MR;0.458333333;0.1;8.8;0.2165;0.1062;0.0474;0.485;3.824;4.491;12;0.103925234;0.04432875;0
1175;APC MR;APC MR;0.458333333;0.12;11;0.2704;0.104;0.0464;0.476;3.747;4.396;12;0.101974428;0.044545941;0
1176;APC MR;APC MR;0.458333333;0.14;13.2;0.3232;0.1015;0.0455;0.466;3.67;4.29;12;0.099910132;0.044664333;0
1177;APC MR;APC MR;0.458333333;0.17;15.4;0.3739;0.0987;0.0446;0.457;3.6;4.172;12;0.096603103;0.044656671;0
1178;APC MR;APC MR;0.458333333;0.19;17.6;0.4216;0.0957;0.0438;0.449;3.538;4.045;12;0.0942595;0.044528062;0
1350;APC MR;APC MR;0.423076923;0;0;0;0.1031;0.0448;0.672;5.295;5.912;13;0.105193662;0.037741806;0
1351;APC MR;APC MR;0.423076923;0.02;2.2;0.0532;0.1017;0.0437;0.655;5.164;5.833;13;0.103822821;0.038399767;0
1352;APC MR;APC MR;0.423076923;0.05;4.5;0.1076;0.1002;0.0426;0.639;5.035;5.746;13;0.101534737;0.03920146;0
1353;APC MR;APC MR;0.423076923;0.07;6.7;0.1626;0.0985;0.0416;0.623;4.91;5.647;13;0.099856271;0.039612421;0
1354;APC MR;APC MR;0.423076923;0.09;9;0.2177;0.0965;0.0405;0.608;4.792;5.535;13;0.098056522;0.039924583;0
1355;APC MR;APC MR;0.423076923;0.11;11.2;0.2724;0.0943;0.0396;0.594;4.678;5.408;13;0.096136501;0.040137944;0
1356;APC MR;APC MR;0.423076923;0.14;13.5;0.3256;0.0919;0.0387;0.581;4.574;5.269;13;0.093033166;0.040272737;0
1357;APC MR;APC MR;0.423076923;0.16;15.7;0.3762;0.0893;0.038;0.57;4.487;5.119;13;0.09081688;0.040239098;0
1358;APC MR;APC MR;0.423076923;0.18;17.9;0.4238;0.0865;0.0373;0.56;4.41;4.958;13;0.088483857;0.04010666;0
1359;APC MR;APC MR;0.423076923;0.21;20.2;0.468;0.0835;0.0367;0.551;4.338;4.787;13;0.084767646;0.039722752;0
1500;APC MR;APC MR;0.392857143;0;0;0;0.0993;0.0394;0.585;5.265;5.957;14;0.099223132;0.034404157;0
1800;APC MR;APC MR;0.305555556;0;0;0;0.0857;0.0274;0.521;6.563;7.162;18;0.081459564;0.025690543;0
1801;APC MR;APC MR;0.305555556;0.02;1.6;0.0577;0.0838;0.0271;0.515;6.486;7.008;18;0.080079943;0.026171071;0
2010;APC MR;APC MR;0.346153846;0;0;0;0.0927;0.0321;0.482;3.797;5.313;13;0.089773407;0.029536414;0
2011;APC MR;APC MR;0.346153846;0.02;2;0.0575;0.0909;0.0317;0.475;3.742;5.21;13;0.08839682;0.030078237;0
2012;APC MR;APC MR;0.346153846;0.04;3.9;0.114;0.0889;0.0313;0.469;3.693;5.099;13;0.086884931;0.030521261;0
2013;APC MR;APC MR;0.346153846;0.06;5.9;0.169;0.0869;0.0309;0.463;3.651;4.982;13;0.085238752;0.030865484;0
2014;APC MR;APC MR;0.346153846;0.08;7.9;0.2221;0.0847;0.0306;0.458;3.612;4.859;13;0.083459291;0.031110907;0
2190;APC MR;APC MR;0.34375;0;0;0;0.0923;0.0323;0.589;6.183;6.935;16;0.089282413;0.029297639;0
2191;APC MR;APC MR;0.34375;0.02;1.8;0.057;0.0904;0.0317;0.577;6.062;6.797;16;0.087905647;0.029835832;0
2192;APC MR;APC MR;0.34375;0.04;3.6;0.1135;0.0885;0.0311;0.567;5.959;6.651;16;0.086393219;0.030275226;0
2193;APC MR;APC MR;0.34375;0.06;5.4;0.1688;0.0864;0.0307;0.559;5.869;6.496;16;0.084746142;0.03061582;0
2194;APC MR;APC MR;0.34375;0.08;7.3;0.2225;0.0843;0.0302;0.551;5.789;6.332;16;0.082965424;0.030857614;0
2195;APC MR;APC MR;0.34375;0.1;9.1;0.2741;0.082;0.0299;0.544;5.715;6.161;16;0.081052075;0.031000607;0
2196;APC MR;APC MR;0.34375;0.12;10.9;0.3233;0.0796;0.0295;0.537;5.644;5.981;16;0.079007106;0.031044801;0
2220;APC MR;APC MR;0.5625;0;0;0;0.1202;0.052;0.004;0.078;0.141;8;0.129797998;0.053836138;0
2221;APC MR;APC MR;0.5625;0.03;0.7;0.066;0.1193;0.0527;0.004;0.079;0.14;8;0.127718682;0.055101781;0
2222;APC MR;APC MR;0.5625;0.06;1.3;0.1289;0.1181;0.0535;0.004;0.08;0.139;8;0.125408808;0.056145125;0
2223;APC MR;APC MR;0.5625;0.09;2;0.1887;0.1168;0.0542;0.004;0.081;0.137;8;0.122871783;0.056966169;0
2224;APC MR;APC MR;0.5625;0.12;2.7;0.2454;0.1153;0.0548;0.004;0.082;0.135;8;0.120111016;0.057564913;0
2225;APC MR;APC MR;0.5625;0.15;3.3;0.299;0.1136;0.0554;0.004;0.083;0.133;8;0.117129916;0.057941356;0
2226;APC MR;APC MR;0.5625;0.18;4;0.3494;0.1117;0.056;0.004;0.084;0.131;8;0.113931891;0.0580955;0
2227;APC MR;APC MR;0.5625;0.2;4.6;0.3968;0.1096;0.0564;0.004;0.084;0.129;8;0.111681043;0.058074763;0
2228;APC MR;APC MR;0.5625;0.23;5.3;0.4412;0.1071;0.0567;0.004;0.085;0.126;8;0.108129051;0.057858406;0
2229;APC MR;APC MR;0.5625;0.26;6;0.4827;0.1041;0.0566;0.004;0.085;0.122;8;0.104369222;0.05741975;0
2230;APC MR;APC MR;0.5625;0.29;6.6;0.521;0.1007;0.0564;0.004;0.084;0.118;8;0.100404967;0.056758794;0
2231;APC MR;APC MR;0.5625;0.32;7.3;0.5561;0.0969;0.0559;0.004;0.084;0.114;8;0.096239693;0.055875538;0
2232;APC MR;APC MR;0.5625;0.35;8;0.588;0.0927;0.0552;0.004;0.083;0.109;8;0.091876808;0.054769981;0
2233;APC MR;APC MR;0.5625;0.38;8.6;0.6167;0.0882;0.0542;0.004;0.081;0.104;8;0.087319722;0.053442125;0
2234;APC MR;APC MR;0.5625;0.41;9.3;0.6422;0.0834;0.053;0.004;0.079;0.098;8;0.082571843;0.051891969;0
2235;APC MR;APC MR;0.5625;0.44;9.9;0.6643;0.0785;0.0517;0.004;0.077;0.092;8;0.077636578;0.050119513;0
2236;APC MR;APC MR;0.5625;0.47;10.6;0.6834;0.0735;0.0502;0.004;0.075;0.086;8;0.072517338;0.048124756;0
2237;APC MR;APC MR;0.5625;0.5;11.3;0.6998;0.0692;0.049;0.003;0.073;0.081;8;0.067217529;0.0459077;0
2238;APC MR;APC MR;0.5625;0.53;11.9;0.7139;0.0647;0.0476;0.003;0.071;0.076;8;0.061740561;0.043468344;0
2239;APC MR;APC MR;0.5625;0.55;12.6;0.7268;0.0609;0.0465;0.003;0.069;0.072;8;0.057992511;0.041718606;0
2240;APC MR;APC MR;0.5625;0.58;13.3;0.7366;0.0555;0.044;0.003;0.066;0.065;8;0.052227852;0.03890875;0
2241;APC MR;APC MR;0.5625;0.61;13.9;0.7438;0.0499;0.0411;0.003;0.061;0.059;8;0.046295123;0.035876594;0
2242;APC MR;APC MR;0.5625;0.64;14.6;0.7482;0.0442;0.0379;0.003;0.057;0.052;8;0.040197732;0.032622138;0
2243;APC MR;APC MR;0.5625;0.67;15.2;0.7488;0.0382;0.0342;0.002;0.051;0.045;8;0.033939088;0.029145381;0
2244;APC MR;APC MR;0.5625;0.7;15.9;0.7432;0.0321;0.0303;0.002;0.045;0.038;8;0.027522599;0.025446325;0
2245;APC MR;APC MR;0.5625;0.73;16.6;0.7276;0.0259;0.0259;0.002;0.039;0.03;8;0.020951675;0.021524969;0
2246;APC MR;APC MR;0.5625;0.76;17.2;0.6924;0.0195;0.0214;0.002;0.032;0.023;8;0.014229722;0.017381313;0
2247;APC MR;APC MR;0.5625;0.79;17.9;0.6134;0.0131;0.0168;0.001;0.025;0.015;8;0.00736015;0.013015356;0
2248;APC MR;APC MR;0.5625;0.82;18.6;0.4373;0.0065;0.0122;0.001;0.018;0.008;8;0.000346368;0.0084271;0
2249;APC MR;APC MR;0.5625;0.85;19.2;0.01;0.0001;0.0078;0.001;0.012;0;8;-0.006808217;0.003616544;0
2250;APC MR;APC MR;0.5625;0;0;0;0.1203;0.0516;0.009;0.137;0.251;8;0.129797998;0.053836138;0
2251;APC MR;APC MR;0.5625;0.03;0.9;0.0651;0.1193;0.0524;0.009;0.139;0.249;8;0.127718682;0.055101781;0
2252;APC MR;APC MR;0.5625;0.06;1.7;0.1272;0.1182;0.0531;0.009;0.141;0.247;8;0.125408808;0.056145125;0
2253;APC MR;APC MR;0.5625;0.09;2.6;0.1862;0.1169;0.0539;0.009;0.143;0.244;8;0.122871783;0.056966169;0
2254;APC MR;APC MR;0.5625;0.11;3.5;0.2421;0.1155;0.0546;0.009;0.145;0.241;8;0.121055922;0.057390031;0
2255;APC MR;APC MR;0.5625;0.14;4.3;0.2949;0.1138;0.0552;0.009;0.147;0.238;8;0.118147887;0.057840575;0
2256;APC MR;APC MR;0.5625;0.17;5.2;0.3447;0.112;0.0557;0.009;0.148;0.234;8;0.115021791;0.058068819;0
2257;APC MR;APC MR;0.5625;0.2;6.1;0.3913;0.1099;0.0562;0.009;0.149;0.229;8;0.111681043;0.058074763;0
2258;APC MR;APC MR;0.5625;0.23;6.9;0.435;0.1074;0.0565;0.01;0.15;0.224;8;0.108129051;0.057858406;0
2259;APC MR;APC MR;0.5625;0.26;7.8;0.4758;0.1047;0.0566;0.01;0.15;0.218;8;0.104369222;0.05741975;0
2260;APC MR;APC MR;0.5625;0.29;8.7;0.5136;0.1015;0.0565;0.01;0.15;0.212;8;0.100404967;0.056758794;0
2261;APC MR;APC MR;0.5625;0.31;9.5;0.5484;0.0981;0.0562;0.009;0.15;0.205;8;0.097650242;0.056194656;0
2262;APC MR;APC MR;0.5625;0.34;10.4;0.5801;0.0942;0.0557;0.009;0.148;0.197;8;0.093352849;0.0551632;0
2263;APC MR;APC MR;0.5625;0.37;11.3;0.6089;0.0901;0.055;0.009;0.146;0.188;8;0.088860118;0.053909444;0
2264;APC MR;APC MR;0.5625;0.4;12.1;0.6347;0.0856;0.054;0.009;0.144;0.179;8;0.084175458;0.052433388;0
2265;APC MR;APC MR;0.5625;0.43;13;0.6575;0.081;0.0529;0.009;0.14;0.169;8;0.079302277;0.050735031;0
2266;APC MR;APC MR;0.5625;0.46;13.9;0.6774;0.0763;0.0515;0.009;0.137;0.159;8;0.074243983;0.048814375;0
2267;APC MR;APC MR;0.5625;0.49;14.7;0.6947;0.0714;0.05;0.008;0.133;0.149;8;0.069003985;0.046671419;0
2268;APC MR;APC MR;0.5625;0.51;15.6;0.7094;0.0664;0.0482;0.008;0.128;0.139;8;0.065411389;0.045119281;0
2269;APC MR;APC MR;0.5625;0.54;16.5;0.7218;0.0612;0.0461;0.008;0.122;0.128;8;0.059876126;0.042605825;0
2270;APC MR;APC MR;0.5625;0.57;17.3;0.7317;0.0558;0.0436;0.007;0.116;0.117;8;0.054168248;0.039870069;0
2271;APC MR;APC MR;0.5625;0.6;18.2;0.739;0.0503;0.0408;0.007;0.109;0.105;8;0.048291163;0.036912013;0
2272;APC MR;APC MR;0.5625;0.63;19.1;0.7438;0.0445;0.0377;0.006;0.1;0.093;8;0.042248281;0.033731656;0
2273;APC MR;APC MR;0.5625;0.66;19.9;0.745;0.0386;0.0341;0.006;0.091;0.081;8;0.036043009;0.030329;0
2274;APC MR;APC MR;0.5625;0.69;20.8;0.7404;0.0324;0.0301;0.005;0.08;0.068;8;0.029678757;0.026704044;0
2275;APC MR;APC MR;0.5625;0.71;21.7;0.7262;0.0262;0.0258;0.004;0.068;0.055;8;0.025349282;0.024163906;0
2276;APC MR;APC MR;0.5625;0.74;22.5;0.6952;0.0198;0.0211;0.004;0.056;0.041;8;0.018727636;0.02016845;0
2277;APC MR;APC MR;0.5625;0.77;23.4;0.6224;0.0133;0.0165;0.003;0.044;0.028;8;0.011956099;0.015950694;0
2278;APC MR;APC MR;0.5625;0.8;24.3;0.4528;0.0067;0.0118;0.002;0.031;0.014;8;0.005038078;0.011510638;0
2279;APC MR;APC MR;0.5625;0.83;25.1;0.0055;0;0.0072;0.001;0.019;0;8;-0.002023017;0.006848281;0
2280;APC MR;APC MR;0.5625;0;0;0;0.1204;0.0518;0.017;0.215;0.393;8;0.129797998;0.053836138;0
2281;APC MR;APC MR;0.5625;0.03;1.1;0.0641;0.1194;0.0525;0.017;0.218;0.39;8;0.127718682;0.055101781;0
2282;APC MR;APC MR;0.5625;0.06;2.1;0.1253;0.1184;0.0533;0.018;0.221;0.386;8;0.125408808;0.056145125;0
2283;APC MR;APC MR;0.5625;0.08;3.2;0.1835;0.1171;0.054;0.018;0.224;0.382;8;0.123742487;0.056717188;0
2284;APC MR;APC MR;0.5625;0.11;4.3;0.2388;0.1157;0.0546;0.018;0.227;0.377;8;0.121055922;0.057390031;0
2285;APC MR;APC MR;0.5625;0.14;5.3;0.2911;0.1141;0.0552;0.018;0.229;0.372;8;0.118147887;0.057840575;0
2286;APC MR;APC MR;0.5625;0.17;6.4;0.3405;0.1122;0.0558;0.018;0.232;0.366;8;0.115021791;0.058068819;0
2287;APC MR;APC MR;0.5625;0.2;7.5;0.3869;0.1102;0.0562;0.019;0.233;0.359;8;0.111681043;0.058074763;0
2288;APC MR;APC MR;0.5625;0.23;8.5;0.4304;0.1077;0.0565;0.019;0.234;0.351;8;0.108129051;0.057858406;0
2289;APC MR;APC MR;0.5625;0.25;9.6;0.4711;0.105;0.0565;0.019;0.235;0.342;8;0.105645381;0.057590669;0
2290;APC MR;APC MR;0.5625;0.28;10.7;0.5089;0.1018;0.0564;0.019;0.234;0.332;8;0.101748889;0.057003813;0
2291;APC MR;APC MR;0.5625;0.31;11.7;0.5437;0.0984;0.0561;0.018;0.233;0.321;8;0.097650242;0.056194656;0
2292;APC MR;APC MR;0.5625;0.34;12.8;0.5756;0.0946;0.0556;0.018;0.231;0.308;8;0.093352849;0.0551632;0
2293;APC MR;APC MR;0.5625;0.37;13.9;0.6044;0.0905;0.0549;0.018;0.228;0.295;8;0.088860118;0.053909444;0
2294;APC MR;APC MR;0.5625;0.39;15;0.6304;0.086;0.0539;0.018;0.224;0.281;8;0.085758127;0.052950106;0
2295;APC MR;APC MR;0.5625;0.42;16;0.6534;0.0814;0.0527;0.017;0.219;0.266;8;0.080947407;0.05132585;0
2296;APC MR;APC MR;0.5625;0.45;17.1;0.6735;0.0767;0.0514;0.017;0.213;0.25;8;0.075950438;0.049479294;0
2297;APC MR;APC MR;0.5625;0.48;18.2;0.6909;0.0719;0.0499;0.016;0.207;0.234;8;0.07077063;0.047410438;0
2298;APC MR;APC MR;0.5625;0.51;19.2;0.7058;0.0669;0.0481;0.016;0.2;0.218;8;0.065411389;0.045119281;0
2299;APC MR;APC MR;0.5625;0.54;20.3;0.7183;0.0617;0.046;0.015;0.191;0.201;8;0.059876126;0.042605825;0
2300;APC MR;APC MR;0.5625;0.56;21.4;0.7284;0.0564;0.0436;0.014;0.181;0.184;8;0.056089843;0.040806688;0
2301;APC MR;APC MR;0.5625;0.59;22.4;0.7359;0.0508;0.0409;0.013;0.17;0.166;8;0.050268782;0.037922731;0
2302;APC MR;APC MR;0.5625;0.62;23.5;0.741;0.0451;0.0378;0.012;0.157;0.147;8;0.044280786;0.034816475;0
2303;APC MR;APC MR;0.5625;0.65;24.6;0.7426;0.0392;0.0342;0.011;0.142;0.128;8;0.038129266;0.031487919;0
2304;APC MR;APC MR;0.5625;0.68;25.6;0.7388;0.033;0.0302;0.01;0.126;0.108;8;0.031817628;0.027937063;0
2305;APC MR;APC MR;0.5625;0.7;26.7;0.7259;0.0266;0.0259;0.009;0.107;0.087;8;0.027522599;0.025446325;0
2306;APC MR;APC MR;0.5625;0.73;27.8;0.6964;0.0201;0.0212;0.007;0.088;0.066;8;0.020951675;0.021524969;0
2307;APC MR;APC MR;0.5625;0.76;28.8;0.6286;0.0135;0.0164;0.005;0.068;0.044;8;0.014229722;0.017381313;0
2308;APC MR;APC MR;0.5625;0.79;29.9;0.4632;0.0068;0.0115;0.004;0.048;0.022;8;0.00736015;0.013015356;0
2309;APC MR;APC MR;0.5625;0.82;31;0.0074;0.0001;0.0069;0.002;0.028;0;8;0.000346368;0.0084271;0
2310;APC MR;APC MR;0.5625;0;0;0;0.1205;0.0519;0.03;0.311;0.566;8;0.129797998;0.053836138;0
2311;APC MR;APC MR;0.5625;0.03;1.3;0.0631;0.1196;0.0527;0.03;0.315;0.562;8;0.127718682;0.055101781;0
2312;APC MR;APC MR;0.5625;0.06;2.5;0.1233;0.1185;0.0534;0.03;0.319;0.557;8;0.125408808;0.056145125;0
2313;APC MR;APC MR;0.5625;0.08;3.8;0.1808;0.1173;0.0541;0.031;0.324;0.551;8;0.123742487;0.056717188;0
2314;APC MR;APC MR;0.5625;0.11;5.1;0.2353;0.116;0.0548;0.031;0.327;0.545;8;0.121055922;0.057390031;0
2315;APC MR;APC MR;0.5625;0.14;6.3;0.2871;0.1144;0.0553;0.032;0.331;0.537;8;0.118147887;0.057840575;0
2316;APC MR;APC MR;0.5625;0.17;7.6;0.336;0.1126;0.0559;0.032;0.334;0.529;8;0.115021791;0.058068819;0
2317;APC MR;APC MR;0.5625;0.19;8.8;0.3821;0.1105;0.0563;0.032;0.337;0.519;8;0.112818266;0.058097481;0
2318;APC MR;APC MR;0.5625;0.22;10.1;0.4254;0.1082;0.0565;0.032;0.338;0.508;8;0.109336309;0.057955225;0
2319;APC MR;APC MR;0.5625;0.25;11.4;0.4659;0.1054;0.0566;0.032;0.338;0.495;8;0.105645381;0.057590669;0
2320;APC MR;APC MR;0.5625;0.28;12.6;0.5036;0.1024;0.0565;0.032;0.338;0.481;8;0.101748889;0.057003813;0
2321;APC MR;APC MR;0.5625;0.31;13.9;0.5385;0.0989;0.0561;0.032;0.336;0.465;8;0.097650242;0.056194656;0
2322;APC MR;APC MR;0.5625;0.33;15.2;0.5704;0.0952;0.0556;0.032;0.333;0.447;8;0.094807186;0.055531719;0
2323;APC MR;APC MR;0.5625;0.36;16.4;0.5995;0.0911;0.0549;0.031;0.328;0.428;8;0.090379189;0.054352063;0
2324;APC MR;APC MR;0.5625;0.39;17.7;0.6256;0.0868;0.054;0.031;0.323;0.408;8;0.085758127;0.052950106;0
2325;APC MR;APC MR;0.5625;0.42;18.9;0.6489;0.0822;0.0528;0.03;0.316;0.386;8;0.080947407;0.05132585;0
2326;APC MR;APC MR;0.5625;0.44;20.2;0.6692;0.0776;0.0515;0.029;0.308;0.364;8;0.077636578;0.050119513;0
2327;APC MR;APC MR;0.5625;0.47;21.5;0.6869;0.0728;0.05;0.028;0.299;0.342;8;0.072517338;0.048124756;0
2328;APC MR;APC MR;0.5625;0.5;22.7;0.7021;0.0678;0.0483;0.027;0.289;0.318;8;0.067217529;0.0459077;0
2329;APC MR;APC MR;0.5625;0.53;24;0.7149;0.0627;0.0463;0.026;0.277;0.294;8;0.061740561;0.043468344;0
2330;APC MR;APC MR;0.5625;0.56;25.3;0.7252;0.0574;0.044;0.025;0.263;0.27;8;0.056089843;0.040806688;0
2331;APC MR;APC MR;0.5625;0.58;26.5;0.7331;0.0519;0.0413;0.024;0.247;0.244;8;0.052227852;0.03890875;0
2332;APC MR;APC MR;0.5625;0.61;27.8;0.7386;0.0462;0.0382;0.022;0.229;0.217;8;0.046295123;0.035876594;0
2333;APC MR;APC MR;0.5625;0.64;29;0.7409;0.0402;0.0347;0.02;0.208;0.189;8;0.040197732;0.032622138;0
2334;APC MR;APC MR;0.5625;0.67;30.3;0.7381;0.0341;0.0308;0.018;0.184;0.16;8;0.033939088;0.029145381;0
2335;APC MR;APC MR;0.5625;0.69;31.6;0.7269;0.0276;0.0263;0.015;0.157;0.129;8;0.029678757;0.026704044;0
2336;APC MR;APC MR;0.5625;0.72;32.8;0.6993;0.0208;0.0215;0.012;0.129;0.098;8;0.023158932;0.022856788;0
2337;APC MR;APC MR;0.5625;0.75;34.1;0.6364;0.014;0.0165;0.009;0.099;0.066;8;0.016486943;0.018787231;0
2338;APC MR;APC MR;0.5625;0.78;35.4;0.478;0.007;0.0114;0.007;0.068;0.033;8;0.009666199;0.014495375;0
2339;APC MR;APC MR;0.5625;0.81;36.6;0.0021;0;0.0066;0.004;0.039;0;8;0.002700108;0.009981219;0
2340;APC MR;APC MR;0.5625;0;0;0;0.1207;0.0522;0.047;0.425;0.772;8;0.129797998;0.053836138;0
2341;APC MR;APC MR;0.5625;0.03;1.5;0.0625;0.1198;0.0529;0.048;0.431;0.766;8;0.127718682;0.055101781;0
2342;APC MR;APC MR;0.5625;0.06;2.9;0.1223;0.1188;0.0536;0.048;0.436;0.759;8;0.125408808;0.056145125;0
2343;APC MR;APC MR;0.5625;0.08;4.4;0.1793;0.1176;0.0543;0.049;0.442;0.752;8;0.123742487;0.056717188;0
2344;APC MR;APC MR;0.5625;0.11;5.9;0.2336;0.1162;0.0549;0.05;0.447;0.743;8;0.121055922;0.057390031;0
2345;APC MR;APC MR;0.5625;0.14;7.3;0.2851;0.1147;0.0555;0.05;0.452;0.733;8;0.118147887;0.057840575;0
2346;APC MR;APC MR;0.5625;0.17;8.8;0.3338;0.1129;0.056;0.051;0.456;0.722;8;0.115021791;0.058068819;0
2347;APC MR;APC MR;0.5625;0.19;10.2;0.3797;0.1109;0.0564;0.051;0.459;0.709;8;0.112818266;0.058097481;0
2348;APC MR;APC MR;0.5625;0.22;11.7;0.4229;0.1085;0.0567;0.051;0.461;0.694;8;0.109336309;0.057955225;0
2349;APC MR;APC MR;0.5625;0.25;13.2;0.4634;0.1058;0.0567;0.051;0.462;0.677;8;0.105645381;0.057590669;0
2350;APC MR;APC MR;0.5625;0.28;14.6;0.5012;0.1027;0.0566;0.051;0.461;0.657;8;0.101748889;0.057003813;0
2351;APC MR;APC MR;0.5625;0.3;16.1;0.5361;0.0993;0.0562;0.051;0.458;0.635;8;0.099038709;0.056489075;0
2352;APC MR;APC MR;0.5625;0.33;17.6;0.5681;0.0956;0.0557;0.05;0.454;0.611;8;0.094807186;0.055531719;0
2353;APC MR;APC MR;0.5625;0.36;19;0.5972;0.0915;0.055;0.05;0.448;0.585;8;0.090379189;0.054352063;0
2354;APC MR;APC MR;0.5625;0.39;20.5;0.6235;0.0872;0.054;0.049;0.44;0.557;8;0.085758127;0.052950106;0
2355;APC MR;APC MR;0.5625;0.41;22;0.6468;0.0826;0.0529;0.048;0.43;0.528;8;0.082571843;0.051891969;0
2356;APC MR;APC MR;0.5625;0.44;23.4;0.6673;0.0779;0.0516;0.047;0.42;0.498;8;0.077636578;0.050119513;0
2357;APC MR;APC MR;0.5625;0.47;24.9;0.6851;0.0731;0.0501;0.045;0.408;0.468;8;0.072517338;0.048124756;0
2358;APC MR;APC MR;0.5625;0.5;26.3;0.7004;0.0681;0.0483;0.044;0.393;0.436;8;0.067217529;0.0459077;0
2359;APC MR;APC MR;0.5625;0.52;27.8;0.7132;0.063;0.0463;0.042;0.377;0.403;8;0.063585691;0.044306163;0
2360;APC MR;APC MR;0.5625;0.55;29.3;0.7237;0.0577;0.044;0.04;0.358;0.369;8;0.057992511;0.041718606;0
2361;APC MR;APC MR;0.5625;0.58;30.7;0.7316;0.0522;0.0413;0.037;0.337;0.334;8;0.052227852;0.03890875;0
2362;APC MR;APC MR;0.5625;0.61;32.2;0.7372;0.0464;0.0382;0.035;0.311;0.297;8;0.046295123;0.035876594;0
2363;APC MR;APC MR;0.5625;0.63;33.7;0.7395;0.0405;0.0347;0.031;0.283;0.259;8;0.042248281;0.033731656;0
2364;APC MR;APC MR;0.5625;0.66;35.1;0.7367;0.0342;0.0307;0.028;0.25;0.218;8;0.036043009;0.030329;0
2365;APC MR;APC MR;0.5625;0.69;36.6;0.7258;0.0276;0.0263;0.024;0.214;0.177;8;0.029678757;0.026704044;0
2366;APC MR;APC MR;0.5625;0.72;38.1;0.6985;0.0209;0.0215;0.019;0.175;0.134;8;0.023158932;0.022856788;0
2367;APC MR;APC MR;0.5625;0.75;39.5;0.6359;0.014;0.0165;0.015;0.134;0.09;8;0.016486943;0.018787231;0
2368;APC MR;APC MR;0.5625;0.77;41;0.477;0.0071;0.0114;0.01;0.093;0.045;8;0.011956099;0.015950694;0
2369;APC MR;APC MR;0.5625;0.8;42.4;0.0008;0;0.0069;0.006;0.056;0;8;0.005038078;0.011510638;0
2370;APC MR;APC MR;0.5625;0;0;0;0.1207;0.052;0.07;0.552;1.008;8;0.129797998;0.053836138;0
2371;APC MR;APC MR;0.5625;0.03;1.7;0.0628;0.1198;0.0527;0.071;0.56;1.001;8;0.127718682;0.055101781;0
2372;APC MR;APC MR;0.5625;0.06;3.3;0.1229;0.1188;0.0534;0.072;0.567;0.992;8;0.125408808;0.056145125;0
2373;APC MR;APC MR;0.5625;0.08;5;0.1802;0.1176;0.054;0.073;0.575;0.982;8;0.123742487;0.056717188;0
2374;APC MR;APC MR;0.5625;0.11;6.7;0.2348;0.1163;0.0547;0.074;0.581;0.971;8;0.121055922;0.057390031;0
2375;APC MR;APC MR;0.5625;0.14;8.4;0.2866;0.1147;0.0552;0.075;0.587;0.958;8;0.118147887;0.057840575;0
2376;APC MR;APC MR;0.5625;0.17;10;0.3355;0.113;0.0558;0.075;0.593;0.944;8;0.115021791;0.058068819;0
2377;APC MR;APC MR;0.5625;0.19;11.7;0.3816;0.111;0.0562;0.076;0.597;0.927;8;0.112818266;0.058097481;0
2378;APC MR;APC MR;0.5625;0.22;13.4;0.425;0.1087;0.0564;0.076;0.6;0.907;8;0.109336309;0.057955225;0
2379;APC MR;APC MR;0.5625;0.25;15.1;0.4657;0.106;0.0565;0.076;0.601;0.885;8;0.105645381;0.057590669;0
2380;APC MR;APC MR;0.5625;0.28;16.7;0.5036;0.1029;0.0564;0.076;0.599;0.859;8;0.101748889;0.057003813;0
2381;APC MR;APC MR;0.5625;0.3;18.4;0.5388;0.0994;0.056;0.076;0.596;0.83;8;0.099038709;0.056489075;0
2382;APC MR;APC MR;0.5625;0.33;20.1;0.5711;0.0957;0.0555;0.075;0.59;0.799;8;0.094807186;0.055531719;0
2383;APC MR;APC MR;0.5625;0.36;21.7;0.6007;0.0916;0.0547;0.074;0.582;0.765;8;0.090379189;0.054352063;0
2384;APC MR;APC MR;0.5625;0.39;23.4;0.6274;0.0872;0.0537;0.072;0.571;0.728;8;0.085758127;0.052950106;0
2385;APC MR;APC MR;0.5625;0.41;25.1;0.6513;0.0826;0.0525;0.071;0.558;0.69;8;0.082571843;0.051891969;0
2386;APC MR;APC MR;0.5625;0.44;26.8;0.6724;0.0779;0.0511;0.069;0.544;0.651;8;0.077636578;0.050119513;0
2387;APC MR;APC MR;0.5625;0.47;28.4;0.6909;0.073;0.0496;0.067;0.527;0.61;8;0.072517338;0.048124756;0
2388;APC MR;APC MR;0.5625;0.5;30.1;0.7069;0.068;0.0478;0.064;0.508;0.568;8;0.067217529;0.0459077;0
2389;APC MR;APC MR;0.5625;0.52;31.8;0.7204;0.0628;0.0457;0.062;0.486;0.524;8;0.063585691;0.044306163;0
2390;APC MR;APC MR;0.5625;0.55;33.4;0.7314;0.0574;0.0433;0.058;0.461;0.479;8;0.057992511;0.041718606;0
2391;APC MR;APC MR;0.5625;0.58;35.1;0.7399;0.0518;0.0405;0.055;0.431;0.432;8;0.052227852;0.03890875;0
2392;APC MR;APC MR;0.5625;0.61;36.8;0.7457;0.0458;0.0373;0.05;0.397;0.383;8;0.046295123;0.035876594;0
2393;APC MR;APC MR;0.5625;0.63;38.5;0.7478;0.0397;0.0337;0.045;0.358;0.332;8;0.042248281;0.033731656;0
2394;APC MR;APC MR;0.5625;0.66;40.1;0.7443;0.0333;0.0296;0.04;0.315;0.278;8;0.036043009;0.030329;0
2395;APC MR;APC MR;0.5625;0.69;41.8;0.7322;0.0267;0.0252;0.034;0.268;0.223;8;0.029678757;0.026704044;0
2396;APC MR;APC MR;0.5625;0.72;43.5;0.7028;0.0202;0.0206;0.028;0.219;0.168;8;0.023158932;0.022856788;0
2397;APC MR;APC MR;0.5625;0.75;45.2;0.6373;0.0135;0.0158;0.021;0.168;0.113;8;0.016486943;0.018787231;0
2398;APC MR;APC MR;0.5625;0.77;46.8;0.4722;0.0068;0.0111;0.015;0.118;0.057;8;0.011956099;0.015950694;0
2399;APC MR;APC MR;0.5625;0.8;48.5;0.0001;0;0.007;0.009;0.074;0;8;0.005038078;0.011510638;0
2400;APC MR;APC MR;0.5625;0;0;0;0.1209;0.0512;0.098;0.689;1.278;8;0.129797998;0.053836138;0
2401;APC MR;APC MR;0.5625;0.03;1.9;0.064;0.12;0.052;0.1;0.699;1.268;8;0.127718682;0.055101781;0
2402;APC MR;APC MR;0.5625;0.06;3.8;0.125;0.119;0.0527;0.101;0.71;1.257;8;0.125408808;0.056145125;0
2403;APC MR;APC MR;0.5625;0.08;5.7;0.1831;0.1178;0.0535;0.103;0.72;1.245;8;0.123742487;0.056717188;0
2404;APC MR;APC MR;0.5625;0.11;7.6;0.2383;0.1165;0.0542;0.104;0.729;1.231;8;0.121055922;0.057390031;0
2405;APC MR;APC MR;0.5625;0.14;9.4;0.2906;0.1149;0.0548;0.105;0.737;1.215;8;0.118147887;0.057840575;0
2406;APC MR;APC MR;0.5625;0.17;11.3;0.34;0.1132;0.0553;0.106;0.745;1.196;8;0.115021791;0.058068819;0
2407;APC MR;APC MR;0.5625;0.19;13.2;0.3864;0.1112;0.0558;0.107;0.751;1.175;8;0.112818266;0.058097481;0
2408;APC MR;APC MR;0.5625;0.22;15.1;0.4301;0.1088;0.0561;0.108;0.755;1.15;8;0.109336309;0.057955225;0
2409;APC MR;APC MR;0.5625;0.25;17;0.471;0.1061;0.0562;0.108;0.756;1.121;8;0.105645381;0.057590669;0
2410;APC MR;APC MR;0.5625;0.28;18.9;0.5093;0.103;0.056;0.108;0.754;1.088;8;0.101748889;0.057003813;0
2411;APC MR;APC MR;0.5625;0.3;20.8;0.5448;0.0995;0.0556;0.107;0.749;1.051;8;0.099038709;0.056489075;0
2412;APC MR;APC MR;0.5625;0.33;22.7;0.5776;0.0956;0.0551;0.106;0.741;1.011;8;0.094807186;0.055531719;0
2413;APC MR;APC MR;0.5625;0.36;24.6;0.6075;0.0915;0.0543;0.104;0.73;0.967;8;0.090379189;0.054352063;0
2414;APC MR;APC MR;0.5625;0.39;26.4;0.6348;0.0871;0.0532;0.102;0.716;0.92;8;0.085758127;0.052950106;0
2415;APC MR;APC MR;0.5625;0.42;28.3;0.6594;0.0824;0.0519;0.1;0.699;0.871;8;0.080947407;0.05132585;0
2416;APC MR;APC MR;0.5625;0.44;30.2;0.6812;0.0776;0.0505;0.097;0.679;0.82;8;0.077636578;0.050119513;0
2417;APC MR;APC MR;0.5625;0.47;32.1;0.7004;0.0726;0.0488;0.094;0.657;0.768;8;0.072517338;0.048124756;0
2418;APC MR;APC MR;0.5625;0.5;34;0.7172;0.0674;0.0469;0.09;0.631;0.713;8;0.067217529;0.0459077;0
2419;APC MR;APC MR;0.5625;0.53;35.9;0.7313;0.0621;0.0447;0.086;0.602;0.657;8;0.061740561;0.043468344;0
2420;APC MR;APC MR;0.5625;0.55;37.8;0.7428;0.0567;0.0423;0.081;0.569;0.599;8;0.057992511;0.041718606;0
2421;APC MR;APC MR;0.5625;0.58;39.7;0.7517;0.0509;0.0394;0.076;0.53;0.538;8;0.052227852;0.03890875;0
2422;APC MR;APC MR;0.5625;0.61;41.6;0.7574;0.0449;0.0361;0.069;0.486;0.475;8;0.046295123;0.035876594;0
2423;APC MR;APC MR;0.5625;0.64;43.4;0.7589;0.0387;0.0325;0.062;0.437;0.409;8;0.040197732;0.032622138;0
2424;APC MR;APC MR;0.5625;0.66;45.3;0.7548;0.0324;0.0285;0.055;0.384;0.342;8;0.036043009;0.030329;0
2425;APC MR;APC MR;0.5625;0.69;47.2;0.7411;0.0259;0.0242;0.046;0.326;0.274;8;0.029678757;0.026704044;0
2426;APC MR;APC MR;0.5625;0.72;49.1;0.7109;0.0197;0.0199;0.038;0.268;0.208;8;0.023158932;0.022856788;0
2427;APC MR;APC MR;0.5625;0.75;51;0.6422;0.0131;0.0153;0.029;0.206;0.139;8;0.016486943;0.018787231;0
2428;APC MR;APC MR;0.5625;0.78;52.9;0.4723;0.0066;0.0109;0.021;0.146;0.07;8;0.009666199;0.014495375;0
2429;APC MR;APC MR;0.5625;0.8;54.8;0.0018;0;0.0068;0.013;0.091;0;8;0.005038078;0.011510638;0
2430;APC MR;APC MR;0.5625;0;0;0;0.121;0.0505;0.133;0.839;1.579;8;0.129797998;0.053836138;0
2431;APC MR;APC MR;0.5625;0.03;2.1;0.065;0.1202;0.0513;0.135;0.853;1.568;8;0.127718682;0.055101781;0
2432;APC MR;APC MR;0.5625;0.06;4.2;0.1268;0.1192;0.0522;0.138;0.867;1.555;8;0.125408808;0.056145125;0
2433;APC MR;APC MR;0.5625;0.08;6.3;0.1855;0.118;0.053;0.14;0.88;1.54;8;0.123742487;0.056717188;0
2434;APC MR;APC MR;0.5625;0.11;8.4;0.2411;0.1167;0.0537;0.142;0.892;1.523;8;0.121055922;0.057390031;0
2435;APC MR;APC MR;0.5625;0.14;10.5;0.2938;0.1152;0.0544;0.143;0.904;1.503;8;0.118147887;0.057840575;0
2436;APC MR;APC MR;0.5625;0.17;12.6;0.3434;0.1134;0.055;0.145;0.914;1.48;8;0.115021791;0.058068819;0
2437;APC MR;APC MR;0.5625;0.19;14.7;0.3901;0.1114;0.0555;0.146;0.922;1.454;8;0.112818266;0.058097481;0
2438;APC MR;APC MR;0.5625;0.22;16.8;0.4339;0.1091;0.0558;0.147;0.927;1.423;8;0.109336309;0.057955225;0
2439;APC MR;APC MR;0.5625;0.25;18.9;0.4751;0.1063;0.0559;0.147;0.929;1.387;8;0.105645381;0.057590669;0
2440;APC MR;APC MR;0.5625;0.28;21;0.5136;0.1032;0.0558;0.147;0.926;1.346;8;0.101748889;0.057003813;0
2441;APC MR;APC MR;0.5625;0.31;23.1;0.5494;0.0997;0.0554;0.146;0.92;1.3;8;0.097650242;0.056194656;0
2442;APC MR;APC MR;0.5625;0.33;25.2;0.5825;0.0958;0.0548;0.144;0.91;1.25;8;0.094807186;0.055531719;0
2443;APC MR;APC MR;0.5625;0.36;27.3;0.613;0.0916;0.0539;0.142;0.896;1.195;8;0.090379189;0.054352063;0
2444;APC MR;APC MR;0.5625;0.39;29.4;0.6408;0.0871;0.0528;0.139;0.878;1.137;8;0.085758127;0.052950106;0
2445;APC MR;APC MR;0.5625;0.42;31.5;0.6661;0.0824;0.0515;0.136;0.855;1.075;8;0.080947407;0.05132585;0
2446;APC MR;APC MR;0.5625;0.44;33.6;0.6886;0.0775;0.05;0.132;0.831;1.012;8;0.077636578;0.050119513;0
2447;APC MR;APC MR;0.5625;0.47;35.7;0.7086;0.0725;0.0483;0.127;0.802;0.946;8;0.072517338;0.048124756;0
2448;APC MR;APC MR;0.5625;0.5;37.8;0.7262;0.0672;0.0462;0.122;0.768;0.877;8;0.067217529;0.0459077;0
2449;APC MR;APC MR;0.5625;0.53;39.9;0.741;0.0618;0.044;0.116;0.731;0.807;8;0.061740561;0.043468344;0
2450;APC MR;APC MR;0.5625;0.56;42.1;0.7531;0.0562;0.0414;0.109;0.689;0.734;8;0.056089843;0.040806688;0
2451;APC MR;APC MR;0.5625;0.58;44.2;0.7625;0.0503;0.0385;0.101;0.639;0.657;8;0.052227852;0.03890875;0
2452;APC MR;APC MR;0.5625;0.61;46.3;0.7681;0.0443;0.0352;0.093;0.585;0.578;8;0.046295123;0.035876594;0
2453;APC MR;APC MR;0.5625;0.64;48.4;0.7695;0.0382;0.0317;0.084;0.526;0.498;8;0.040197732;0.032622138;0
2454;APC MR;APC MR;0.5625;0.67;50.5;0.7654;0.032;0.0279;0.073;0.463;0.418;8;0.033939088;0.029145381;0
2455;APC MR;APC MR;0.5625;0.69;52.6;0.7519;0.0258;0.0238;0.063;0.396;0.337;8;0.029678757;0.026704044;0
2456;APC MR;APC MR;0.5625;0.72;54.7;0.7201;0.0195;0.0195;0.052;0.325;0.254;8;0.023158932;0.022856788;0
2457;APC MR;APC MR;0.5625;0.75;56.8;0.6505;0.0131;0.0151;0.04;0.25;0.171;8;0.016486943;0.018787231;0
2458;APC MR;APC MR;0.5625;0.78;58.9;0.4777;0.0066;0.0107;0.028;0.178;0.086;8;0.009666199;0.014495375;0
2459;APC MR;APC MR;0.5625;0.8;61;0.0012;0;0.0067;0.018;0.111;0;8;0.005038078;0.011510638;0
2460;APC MR;APC MR;0.5625;0;0;0;0.1212;0.0499;0.175;1.003;1.914;8;0.129797998;0.053836138;0
2461;APC MR;APC MR;0.5625;0.03;2.3;0.0659;0.1204;0.0508;0.178;1.021;1.901;8;0.127718682;0.055101781;0
2462;APC MR;APC MR;0.5625;0.06;4.6;0.1285;0.1194;0.0517;0.181;1.039;1.885;8;0.125408808;0.056145125;0
2463;APC MR;APC MR;0.5625;0.08;7;0.1879;0.1183;0.0526;0.184;1.056;1.867;8;0.123742487;0.056717188;0
2464;APC MR;APC MR;0.5625;0.11;9.3;0.2439;0.117;0.0534;0.187;1.073;1.847;8;0.121055922;0.057390031;0
2465;APC MR;APC MR;0.5625;0.14;11.6;0.2969;0.1154;0.0541;0.19;1.087;1.823;8;0.118147887;0.057840575;0
2466;APC MR;APC MR;0.5625;0.17;13.9;0.3468;0.1137;0.0547;0.192;1.1;1.795;8;0.115021791;0.058068819;0
2467;APC MR;APC MR;0.5625;0.19;16.2;0.3936;0.1117;0.0553;0.194;1.111;1.764;8;0.112818266;0.058097481;0
2468;APC MR;APC MR;0.5625;0.22;18.5;0.4377;0.1094;0.0556;0.195;1.118;1.727;8;0.109336309;0.057955225;0
2469;APC MR;APC MR;0.5625;0.25;20.9;0.479;0.1066;0.0557;0.196;1.12;1.683;8;0.105645381;0.057590669;0
2470;APC MR;APC MR;0.5625;0.28;23.2;0.5178;0.1035;0.0556;0.195;1.117;1.633;8;0.101748889;0.057003813;0
2471;APC MR;APC MR;0.5625;0.31;25.5;0.5539;0.0999;0.0552;0.194;1.11;1.577;8;0.097650242;0.056194656;0
2472;APC MR;APC MR;0.5625;0.33;27.8;0.5873;0.096;0.0546;0.191;1.097;1.515;8;0.094807186;0.055531719;0
2473;APC MR;APC MR;0.5625;0.36;30.1;0.6182;0.0918;0.0537;0.188;1.079;1.449;8;0.090379189;0.054352063;0
2474;APC MR;APC MR;0.5625;0.39;32.5;0.6466;0.0872;0.0525;0.184;1.056;1.377;8;0.085758127;0.052950106;0
2475;APC MR;APC MR;0.5625;0.42;34.8;0.6725;0.0824;0.0511;0.179;1.028;1.301;8;0.080947407;0.05132585;0
2476;APC MR;APC MR;0.5625;0.45;37.1;0.6958;0.0775;0.0496;0.174;0.996;1.223;8;0.075950438;0.049479294;0
2477;APC MR;APC MR;0.5625;0.47;39.4;0.7165;0.0724;0.0478;0.168;0.961;1.143;8;0.072517338;0.048124756;0
2478;APC MR;APC MR;0.5625;0.5;41.7;0.7349;0.067;0.0457;0.16;0.918;1.058;8;0.067217529;0.0459077;0
2479;APC MR;APC MR;0.5625;0.53;44.1;0.7504;0.0615;0.0433;0.152;0.871;0.971;8;0.061740561;0.043468344;0
2480;APC MR;APC MR;0.5625;0.56;46.4;0.7631;0.0558;0.0407;0.143;0.818;0.881;8;0.056089843;0.040806688;0
2481;APC MR;APC MR;0.5625;0.58;48.7;0.7729;0.0499;0.0377;0.132;0.758;0.788;8;0.052227852;0.03890875;0
2482;APC MR;APC MR;0.5625;0.61;51;0.7785;0.0439;0.0345;0.121;0.694;0.693;8;0.046295123;0.035876594;0
2483;APC MR;APC MR;0.5625;0.64;53.3;0.7797;0.0378;0.031;0.109;0.623;0.597;8;0.040197732;0.032622138;0
2484;APC MR;APC MR;0.5625;0.67;55.6;0.7753;0.0317;0.0273;0.096;0.548;0.5;8;0.033939088;0.029145381;0
2485;APC MR;APC MR;0.5625;0.7;58;0.761;0.0255;0.0233;0.082;0.469;0.403;8;0.027522599;0.025446325;0
2486;APC MR;APC MR;0.5625;0.72;60.3;0.7283;0.0193;0.0191;0.067;0.385;0.304;8;0.023158932;0.022856788;0
2487;APC MR;APC MR;0.5625;0.75;62.6;0.6561;0.0129;0.0147;0.052;0.296;0.203;8;0.016486943;0.018787231;0
2488;APC MR;APC MR;0.5625;0.78;64.9;0.4767;0.0064;0.0105;0.037;0.21;0.101;8;0.009666199;0.014495375;0
2489;APC MR;APC MR;0.5625;0.81;67.2;0.0002;0;0.0066;0.023;0.133;0;8;0.002700108;0.009981219;0
2490;APC MR;APC MR;0.5625;0;0;0;0.1215;0.0494;0.225;1.181;2.283;8;0.129797998;0.053836138;0
2491;APC MR;APC MR;0.5625;0.03;2.5;0.0669;0.1207;0.0503;0.229;1.204;2.267;8;0.127718682;0.055101781;0
2492;APC MR;APC MR;0.5625;0.06;5.1;0.1302;0.1197;0.0513;0.234;1.227;2.249;8;0.125408808;0.056145125;0
2493;APC MR;APC MR;0.5625;0.08;7.6;0.19;0.1186;0.0522;0.238;1.249;2.228;8;0.123742487;0.056717188;0
2494;APC MR;APC MR;0.5625;0.11;10.1;0.2465;0.1173;0.0531;0.242;1.27;2.204;8;0.121055922;0.057390031;0
2495;APC MR;APC MR;0.5625;0.14;12.7;0.2997;0.1158;0.0539;0.245;1.289;2.176;8;0.118147887;0.057840575;0
2496;APC MR;APC MR;0.5625;0.17;15.2;0.3498;0.1141;0.0546;0.249;1.305;2.143;8;0.115021791;0.058068819;0
2497;APC MR;APC MR;0.5625;0.2;17.7;0.3968;0.1121;0.0551;0.251;1.319;2.106;8;0.111681043;0.058074763;0
2498;APC MR;APC MR;0.5625;0.22;20.3;0.441;0.1098;0.0555;0.253;1.328;2.062;8;0.109336309;0.057955225;0
2499;APC MR;APC MR;0.5625;0.25;22.8;0.4825;0.107;0.0557;0.254;1.331;2.01;8;0.105645381;0.057590669;0
2500;APC MR;APC MR;0.5625;0.28;25.3;0.5214;0.1038;0.0555;0.253;1.328;1.95;8;0.101748889;0.057003813;0
2501;APC MR;APC MR;0.5625;0.31;27.9;0.5578;0.1002;0.0551;0.251;1.318;1.883;8;0.097650242;0.056194656;0
2502;APC MR;APC MR;0.5625;0.33;30.4;0.5915;0.0962;0.0544;0.248;1.302;1.808;8;0.094807186;0.055531719;0
2503;APC MR;APC MR;0.5625;0.36;33;0.6228;0.092;0.0535;0.244;1.281;1.728;8;0.090379189;0.054352063;0
2504;APC MR;APC MR;0.5625;0.39;35.5;0.6518;0.0873;0.0523;0.238;1.252;1.641;8;0.085758127;0.052950106;0
2505;APC MR;APC MR;0.5625;0.42;38;0.6783;0.0825;0.0509;0.232;1.217;1.55;8;0.080947407;0.05132585;0
2506;APC MR;APC MR;0.5625;0.45;40.6;0.7023;0.0775;0.0492;0.224;1.178;1.456;8;0.075950438;0.049479294;0
2507;APC MR;APC MR;0.5625;0.47;43.1;0.7238;0.0724;0.0474;0.216;1.134;1.359;8;0.072517338;0.048124756;0
2508;APC MR;APC MR;0.5625;0.5;45.6;0.743;0.0669;0.0452;0.206;1.081;1.257;8;0.067217529;0.0459077;0
2509;APC MR;APC MR;0.5625;0.53;48.2;0.7591;0.0613;0.0428;0.195;1.024;1.152;8;0.061740561;0.043468344;0
2510;APC MR;APC MR;0.5625;0.56;50.7;0.7725;0.0556;0.0401;0.183;0.96;1.044;8;0.056089843;0.040806688;0
2511;APC MR;APC MR;0.5625;0.59;53.2;0.7828;0.0497;0.0372;0.169;0.89;0.934;8;0.050268782;0.037922731;0
2512;APC MR;APC MR;0.5625;0.61;55.8;0.7886;0.0438;0.0341;0.155;0.815;0.823;8;0.046295123;0.035876594;0
2513;APC MR;APC MR;0.5625;0.64;58.3;0.7899;0.0377;0.0306;0.14;0.733;0.709;8;0.040197732;0.032622138;0
2514;APC MR;APC MR;0.5625;0.67;60.8;0.7853;0.0316;0.0269;0.123;0.644;0.594;8;0.033939088;0.029145381;0
2515;APC MR;APC MR;0.5625;0.7;63.4;0.7704;0.0254;0.023;0.105;0.55;0.477;8;0.027522599;0.025446325;0
2516;APC MR;APC MR;0.5625;0.72;65.9;0.7366;0.0191;0.0188;0.086;0.45;0.359;8;0.023158932;0.022856788;0
2517;APC MR;APC MR;0.5625;0.75;68.4;0.6645;0.0129;0.0146;0.066;0.349;0.242;8;0.016486943;0.018787231;0
2518;APC MR;APC MR;0.5625;0.78;71;0.4869;0.0065;0.0104;0.047;0.249;0.122;8;0.009666199;0.014495375;0
2519;APC MR;APC MR;0.5625;0.81;73.5;0.0019;0;0.0065;0.029;0.155;0;8;0.002700108;0.009981219;0
2520;APC MR;APC MR;0.5625;0;0;0;0.1221;0.0517;0.299;1.45;2.693;8;0.129797998;0.053836138;0
2521;APC MR;APC MR;0.5625;0.03;2.8;0.0648;0.1213;0.0524;0.304;1.471;2.675;8;0.127718682;0.055101781;0
2522;APC MR;APC MR;0.5625;0.06;5.5;0.1268;0.1203;0.0531;0.308;1.492;2.654;8;0.125408808;0.056145125;0
2523;APC MR;APC MR;0.5625;0.08;8.3;0.1859;0.1192;0.0538;0.312;1.512;2.629;8;0.123742487;0.056717188;0
2524;APC MR;APC MR;0.5625;0.11;11;0.2422;0.1179;0.0545;0.316;1.531;2.601;8;0.121055922;0.057390031;0
2525;APC MR;APC MR;0.5625;0.14;13.8;0.2957;0.1164;0.0551;0.319;1.547;2.567;8;0.118147887;0.057840575;0
2526;APC MR;APC MR;0.5625;0.17;16.5;0.3464;0.1147;0.0556;0.322;1.561;2.529;8;0.115021791;0.058068819;0
2527;APC MR;APC MR;0.5625;0.2;19.3;0.3943;0.1127;0.056;0.324;1.572;2.485;8;0.111681043;0.058074763;0
2528;APC MR;APC MR;0.5625;0.22;22.1;0.4397;0.1103;0.0562;0.325;1.578;2.433;8;0.109336309;0.057955225;0
2529;APC MR;APC MR;0.5625;0.25;24.8;0.4825;0.1075;0.0561;0.325;1.576;2.371;8;0.105645381;0.057590669;0
2530;APC MR;APC MR;0.5625;0.28;27.6;0.5227;0.1042;0.0558;0.323;1.567;2.299;8;0.101748889;0.057003813;0
2531;APC MR;APC MR;0.5625;0.31;30.3;0.5601;0.1006;0.0553;0.32;1.552;2.217;8;0.097650242;0.056194656;0
2532;APC MR;APC MR;0.5625;0.34;33.1;0.5946;0.0965;0.0545;0.316;1.531;2.128;8;0.093352849;0.0551632;0
2533;APC MR;APC MR;0.5625;0.36;35.8;0.6265;0.0921;0.0535;0.31;1.503;2.032;8;0.090379189;0.054352063;0
2534;APC MR;APC MR;0.5625;0.39;38.6;0.6559;0.0874;0.0522;0.303;1.467;1.928;8;0.085758127;0.052950106;0
2535;APC MR;APC MR;0.5625;0.42;41.4;0.6827;0.0825;0.0507;0.294;1.425;1.82;8;0.080947407;0.05132585;0
2536;APC MR;APC MR;0.5625;0.45;44.1;0.7071;0.0775;0.0491;0.284;1.378;1.708;8;0.075950438;0.049479294;0
2537;APC MR;APC MR;0.5625;0.48;46.9;0.729;0.0722;0.0471;0.273;1.323;1.592;8;0.07077063;0.047410438;0
2538;APC MR;APC MR;0.5625;0.5;49.6;0.7486;0.0667;0.0449;0.26;1.26;1.47;8;0.067217529;0.0459077;0
2539;APC MR;APC MR;0.5625;0.53;52.4;0.765;0.061;0.0424;0.246;1.191;1.346;8;0.061740561;0.043468344;0
2540;APC MR;APC MR;0.5625;0.56;55.1;0.7787;0.0552;0.0397;0.23;1.115;1.218;8;0.056089843;0.040806688;0
2541;APC MR;APC MR;0.5625;0.59;57.9;0.7892;0.0494;0.0368;0.213;1.033;1.089;8;0.050268782;0.037922731;0
2542;APC MR;APC MR;0.5625;0.62;60.7;0.795;0.0435;0.0337;0.195;0.945;0.958;8;0.044280786;0.034816475;0
2543;APC MR;APC MR;0.5625;0.64;63.4;0.7966;0.0374;0.0303;0.175;0.85;0.826;8;0.040197732;0.032622138;0
2544;APC MR;APC MR;0.5625;0.67;66.2;0.792;0.0313;0.0266;0.154;0.746;0.691;8;0.033939088;0.029145381;0
2545;APC MR;APC MR;0.5625;0.7;68.9;0.7772;0.0252;0.0227;0.131;0.637;0.556;8;0.027522599;0.025446325;0
2546;APC MR;APC MR;0.5625;0.73;71.7;0.7437;0.019;0.0186;0.108;0.523;0.42;8;0.020951675;0.021524969;0
2547;APC MR;APC MR;0.5625;0.76;74.4;0.6691;0.0128;0.0144;0.083;0.405;0.281;8;0.014229722;0.017381313;0
2548;APC MR;APC MR;0.5625;0.78;77.2;0.4861;0.0064;0.0103;0.06;0.29;0.141;8;0.009666199;0.014495375;0
2549;APC MR;APC MR;0.5625;0.81;80;0.0013;0;0.0066;0.038;0.184;0;8;0.002700108;0.009981219;0
2790;APC MR;APC MR;0.5;0;0;0;0.119;0.0503;0.318;1.822;3.01;9;0.119515;0.0466025;0
2791;APC MR;APC MR;0.5;0.03;2.4;0.0597;0.1179;0.0504;0.319;1.827;2.981;9;0.117425179;0.0477266;0
2792;APC MR;APC MR;0.5;0.05;4.8;0.1179;0.1166;0.0505;0.319;1.83;2.948;9;0.115891993;0.0483525;0
2793;APC MR;APC MR;0.5;0.08;7.2;0.1743;0.1151;0.0506;0.32;1.832;2.91;9;0.11338478;0.0491061;0
2794;APC MR;APC MR;0.5;0.1;9.6;0.229;0.1134;0.0506;0.32;1.833;2.867;9;0.11157649;0.049485;0
2795;APC MR;APC MR;0.5;0.13;12;0.2816;0.1115;0.0506;0.32;1.831;2.819;9;0.108661355;0.0498681;0
2796;APC MR;APC MR;0.5;0.15;14.4;0.3321;0.1092;0.0504;0.319;1.826;2.762;9;0.106584273;0.05;0
2797;APC MR;APC MR;0.5;0.18;16.8;0.3804;0.1066;0.0501;0.317;1.816;2.697;9;0.103270683;0.0500126;0
