iteration,mtow:k,loading:k,ND:k,propeller:beta,advance_ratio:climb,advance_ratio:cruise,torque:k,speed:k,energy:k,voltage:k,power:k,wing:AR,wing:lambda,x:k,horizontal:AR,vertical:AR,arm:k,depth:k,CD0:guess,K:guess,c:mtow:consistency,c:mtow:requirement,c:airspeed:climb,c:airspeed:cruise,c:rpm:climb,c:rpm:cruise,c:torque:climb,c:torque:cruise,c:power:takeoff,c:power:climb,c:power:cruise,c:voltage:climb,c:voltage:cruise,c:voltage:min,c:voltage:max,c:fuselage:volume,c:spar:depth,c:CD0:consistency,c:K:consistency,c:static_margin:min,obj:endurance:cruise
0,2.002226679997424,0.955,0.8232446657954471,0.55,0.10000139843777771,0.2000031860594563,2.1385966359674975,1.0293684760244195,1.0,1.1,1.7683161635779012,8.6,0.5770846918947122,0.9505,6.0,4.0,0.6475386335923281,0.09474002266018944,0.057,0.05,-0.7141109706890725,0.1898795483007586,0.5431881572839041,0.49382515287385387,-0.6785502267886295,-0.06281739367728535,-0.4366525640105814,0.31200514369706195,0.9947149690531106,-0.6995608431608135,0.31864864546418753,-0.3762322593540762,0.1869575110674128,0.961463560012127,0.5195154089287676,46.654162183849195,0.6200201054663838,-0.2462841081673114,-0.08067402625329959,14.16919747432973,167.88362297022192
1,2.002226679997424,0.955,0.8232446657954471,0.55,0.10000139843777771,0.2000031860594563,2.1385966359674975,1.0293684760244195,1.0,1.1,1.7683161635779012,8.6,0.5770846918947122,0.9505,6.0,4.0,0.6475386335923281,0.09474002266018944,0.057,0.05,-0.7141109706890725,0.1898795483007586,0.5431881572839041,0.49382515287385387,-0.6785502267886295,-0.06281739367728535,-0.4366525640105814,0.31200514369706195,0.9947149690531106,-0.6995608431608135,0.31864864546418753,-0.3762322593540762,0.1869575110674128,0.961463560012127,0.5195154089287676,46.654162183849195,0.6200201054663838,-0.2462841081673114,-0.08067402625329959,14.16919747432973,167.88362297022192
2,5.657269391104268,1.0,0.4640027403891465,0.48000000000037674,0.2048077991088076,0.4054220911923204,3.3334150441339885,0.8997200615718759,0.1,1.0,2.8717977359713798,10.687308833395733,1.0,0.010000000000000009,6.0,4.0,0.17107813764191865,0.01,0.010000000002158206,0.052926291411200296,0.44556717761500264,1.129365302231135,0.3289403810028332,0.36733729506565305,-0.20397557176071174,0.34467032950675225,-0.4678300171085863,0.5780655668145832,0.9520681556996357,-0.6507809137781331,0.5988253597316995,-0.36659756020182854,0.36430587172233814,0.8100173336881116,0.24459364782466753,-0.33930547757805246,-0.545876016683241,-0.5567037412004253,0.6133809779168315,-8.600990536323916,18.08396803073879
3,7.450565784189735,0.9999999999974519,0.010000000022043709,0.48000000000437476,0.4641408625966847,0.7640807888287569,8.468836787526525,0.7205710701989441,0.10000000005944074,1.0000000000066078,4.5311894263405295,8.0,0.9999999999721068,1.0,6.0,4.0,0.15000000003019548,0.02650440531914576,0.029153103677653544,0.03608504212538893,-0.9983173127305728,-0.9981179424062466,0.9554695969064573,-617.1474968947954,0.964745879762426,-338.74090672562545,0.2534334926476801,0.6389058883926796,0.9739825725027287,-0.34071098648304166,0.4597938772953964,-0.9918834317435555,-526.0607244706018,0.9732169505331079,-0.8538951032492507,197.41092855407018,0.03248053727138951,-0.42141905499410276,-0.27334279280707574,82.09232892674729,0.01362802160326995
4,6.12709545207062,0.9999999999993324,0.3450584766316052,0.4800000000014242,0.2727505174272285,0.49938715117435867,4.678845157305515,0.8527847834620358,0.10000000001557287,1.0000000000017313,3.306542078564432,9.983260284219721,0.9999999999926923,0.26937028711489786,6.0,4.0,0.16555587238515102,0.01432399226897725,0.015017925254132581,0.048514049327731144,0.19010229677024815,0.618633040293259,0.29795893407941193,0.2871313529419185,0.054198510131422996,0.40053040985526533,-0.11033483531060578,0.6417015856881121,0.9606334514854501,-0.5094509938584816,0.5880668224417198,-0.3064604127627261,0.2934707579956271,0.8134645924432777,0.16634097141185886,10.114423672622017,-0.3995468743256169,-0.4577239008504038,0.3597658413239697,-1.6992529872306712,15.21150692030751
5,6.530437549384922,0.9999999999997811,0.34260085532103696,0.48000000000033394,0.36899588298258496,0.5740331159236236,5.349513137515283,0.8396278476927268,1.3882215921027523,1.0000000000004634,4.554755524095319,8.746142383650628,0.9999999999980381,0.3258303592619576,6.0,4.0,0.15000000000186264,0.027208977818584952,0.02858265890642803,0.03924606182433006,-0.03644526564794135,0.22956888042263512,-0.023565951356197497,-0.08832353200408272,-0.019289076883917605,0.20381117235346916,-0.021996583429700897,0.6000295901445467,0.9968473610253349,-0.1486518433853469,0.6219527992791181,-0.08639516813714564,0.2575445160842003,0.7165901846697001,0.028036511284479704,11.496548976886308,-0.010844010836060602,-0.010986369828442446,-0.03492186689052898,-0.4237701375195422,112.3828798871096
6,7.7140170175341645,0.9999999999999449,0.25682870563398696,0.48000000000008036,0.4289741997579375,0.6035149366971864,5.920816286870018,0.8912299167723204,1.5935160383401645,1.0000000000001115,5.380355413108046,8.723301959897597,0.9999999999995305,0.3090205913053974,6.0,4.0,0.1741374744131406,0.02760630669315179,0.027672729547764,0.04473282164989728,-0.026289630751080744,0.051884259346384055,0.04697263472548003,0.024345352828715527,0.18364838092085792,0.3211042321716798,0.05509920504832004,0.619861842459227,0.9972978774960821,0.005025599863948074,0.6638288579236097,-0.028398594422598802,0.2757576109072206,0.6773693242445291,-0.00040479619963834906,14.045121766715367,-8.345224442888525e-06,0.0033266333522104876,0.09695761706112412,0.5382044397513464,111.93669012065313
7,8.111560594328695,0.9999999999999911,0.2664330176302965,0.4885473500729399,0.428384296632826,0.6050810292696462,6.052471544309288,0.9141525123950498,1.643429826636485,1.000929800850178,5.637279505674817,8.757567580751601,0.9999999999999187,0.30207116791869326,6.0,4.0,0.1749369238279218,0.027721237353051327,0.027460060229422625,0.04077898813418773,-0.0004725526930034757,0.02685485701094029,-0.0014436350460045638,0.009103010110369292,0.1409943345155234,0.3122826530094632,0.033797612719287884,0.626746357784876,0.9973217457118453,0.008900896082241934,0.6781868335013436,-0.0022064088235148873,0.31489920029801216,0.6552042159323707,0.013502344733507605,14.557669792843631,-6.218123952380114e-07,0.00646993977732811,0.004446607933692698,0.014898468192704462,114.46452128712538
8,8.327533414136381,0.9999999999999919,0.26732721069912985,0.4925664812909871,0.42736329735946094,0.6070503097743906,6.152927835886883,0.9245508565996503,1.7080173771464315,1.0014068734178723,5.807949364724366,8.731201071141204,0.9999999999999264,0.3024092526772347,6.0,4.0,0.17562858508010126,0.02807061293568266,0.027204930390210477,0.040598462688098004,-5.791860519142374e-06,0.000690679149105904,-6.171357462328839e-05,0.009960703299919493,0.14013031204118293,0.31510695678287975,0.04578704513890361,0.6332607634687144,0.9973663035066882,0.034669113761271145,0.6880678717054045,0.026151458938213974,0.33527612480986685,0.6426397740657298,0.01398771449402583,15.079540816328384,0.009957378273673372,-5.871438246534354e-05,-0.0029871082059266165,0.0007905694904493388,117.18798914327921
9,8.333329330206954,0.9999999999999922,0.2696939520513196,0.49106961184980147,0.4232687196954776,0.6048020526189475,6.161147630008234,0.9252396363888814,1.7112673033926502,1.0016847211225364,5.815323971987951,8.726053975991839,0.9964111696231668,0.3038203769735255,6.0,4.0,0.17735773871718197,0.02806229383172591,0.027214557951599133,0.04072009802707535,-3.749992834220312e-05,-3.701957095999094e-05,0.006816097905190713,0.010036611580273358,0.13778304808529274,0.31261368119703425,0.05324767589137111,0.6353040815280795,0.9973502187313968,0.04217339295381129,0.689759887135378,0.03443159671536028,0.3389386958471117,0.6407693133633722,0.014571910277421293,15.302103990777857,0.0085512768302447,-2.4162246726684256e-05,-0.0007236354665981225,0.0002853899047813857,117.48773821650805
10,8.32827792933675,0.9999999999999919,0.2676312307868244,0.49237420071991606,0.42683732781939077,0.6067615095905744,6.153983710677465,0.924639333902728,1.7084348468718251,1.0014425643831988,5.808896670920252,8.730539900321995,0.9995389962975768,0.30259051884386046,6.0,4.0,0.17585070374967882,0.02806954430403344,0.027206167099940063,0.04061408737238741,-5.671737927684032e-06,0.0006013415445960946,0.0008168193639734866,0.009966339452129769,0.13982704718244657,0.3147848691988469,0.04674876876322145,0.6335238729789081,0.9973642374627631,0.03563648984593436,0.6882857500489169,0.027221912810950953,0.335747802369253,0.6423986280259891,0.01406409409468111,15.108004343971308,0.009777138283903385,-5.1573724380827954e-05,-0.0026958255970595617,0.000685050101686957,117.22621237176828
11,8.333330295165343,1.0,0.2773440746053301,0.4827613311981143,0.41364471051107116,0.5952577464916325,6.179312170793913,0.9267721137640013,1.7140281242033963,1.0025822404477975,5.823341685396969,8.714206177435852,0.9831109126417206,0.3088636888581966,6.0,4.0,0.1824159975249317,0.028004667534515356,0.027266541463575395,0.04072387182852238,-0.0005962533472789543,-0.0005958889843694101,0.011242483905962861,0.011030450086272015,0.121654495849379,0.30229333595487307,0.0683223696997665,0.6413692557058183,0.9973120617560809,0.05610291533417578,0.694361060946284,0.04877793188447076,0.3472113152782636,0.6368652164650154,0.017210650937773412,16.03277493380719,0.002121060535941674,-0.00035543294189581545,-0.0024183600040710274,0.005890962381260856,118.75929352530878
12,8.328783165919608,0.9999999999999927,0.26860251516867495,0.4914129137677359,0.4255180660885588,0.6056111332806802,6.15651655668911,0.9248526118888554,1.7089941746049822,1.0015565319896587,5.810341172367924,8.72890652803338,0.9978961879319912,0.30321783584529405,6.0,4.0,0.1765072331272041,0.02806305662708163,0.027212204536303596,0.04062506581800091,-1.126830891288462e-05,0.000535043925466336,0.0017477024733827712,0.009980047343088772,0.13796405584056046,0.3134927881652843,0.04891050547338726,0.6343023963539961,0.997358967717974,0.037685021766135404,0.6888875296276795,0.029402898903998293,0.3368837421907287,0.6418341643483381,0.014394290693862008,15.198829206996995,0.009017489539390397,-5.0068627959283106e-05,-0.002663263557003917,0.0006230323505515556,117.36657141927572
13,8.328331619639666,0.999999999999992,0.2677344468927995,0.49227204701726957,0.4266971329792771,0.6066392618067821,6.154252870263721,0.9246619984525032,1.7084942853140148,1.0014546754525888,5.8090501746904035,8.73036632569196,0.9993644189178438,0.3026571823456215,6.0,4.0,0.17592047158191484,0.028068854873868284,0.027206808684097247,0.04061525402597215,-5.681305047270563e-06,0.000594881389359741,0.0009145473217559033,0.009966805782209542,0.13962858961763708,0.31464710990387756,0.04697853345917728,0.6336065388676189,0.997363676927152,0.03585419825148833,0.6883496370620511,0.027453957423067245,0.33586840102475907,0.6423385245018163,0.014099355027952272,15.117638751541215,0.009696474525161593,-5.10670194454915e-05,-0.0026923148654518715,0.0006720462353949908,117.240992596564
14,8.333330359697014,1.0,0.2808329144763454,0.48000000000092263,0.40984562544620573,0.5915555636741422,6.18729567047575,0.9272692720020738,1.714497807554859,1.0028985882008838,5.8266803263317515,8.710793740257134,0.9784035730777745,0.31105232450438447,6.0,4.0,0.18414998251645534,0.027989921035408132,0.027295616945593272,0.040724898274941315,-0.0010040476892835542,-0.0010036912110786358,0.01216781736945473,0.01174734419781509,0.11434225056749392,0.2984357444304324,0.07442802850745972,0.6439905282800584,0.9972914219559822,0.061686744902613784,0.696341314374906,0.05494932722618638,0.3514916933399043,0.6350618175884147,0.01822169957656472,16.33765025879053,-0.0001078521816798311,-0.0005643208262740756,-0.00299354173594297,0.011189575384826372,119.2849914115679
15,8.328831493645401,0.9999999999999928,0.2690442936511541,0.4910448423156349,0.42501198222597,0.6051308919935181,6.157557150284924,0.9249227258074603,1.7090946375380993,1.0015990667274184,5.810813189854539,8.728409067148478,0.9972683343338369,0.3034966965614978,6.0,4.0,0.17674342267536888,0.028060961490022268,0.02721568951024685,0.04062621845086907,-1.5604418941515642e-05,0.0005248999054376028,0.0018450883966100967,0.009987781224006786,0.1370217821085733,0.31295333250805535,0.049730634870555214,0.6346375057997696,0.9973563656498929,0.03843999602327101,0.6891411622397862,0.03024753654849873,0.33741808306222254,0.6415910576107359,0.014539567095693573,15.236810448343316,0.008725759681496971,-5.1797970279567635e-05,-0.002714764439831867,0.0006487906411331568,117.42437846143653
16,8.328381607040239,0.9999999999999921,0.26786543156863496,0.4921493265471061,0.42652861790394636,0.6064884248254556,6.154583298265841,0.9246880711879989,1.7085543205364233,1.0014691145800718,5.809226476206817,8.730170599837612,0.9991548104594431,0.3027411337672091,6.0,4.0,0.17600276669126025,0.02806806553548368,0.027207696766712208,0.04061635046846184,-5.729874533063828e-06,0.0005888271659534518,0.0010056201228375425,0.009967304331210403,0.13936712889240516,0.3144770041072083,0.04725380685415323,0.6337095562812946,0.9973629449815195,0.036112795122896224,0.6884287091618638,0.027733774991572528,0.3360232321032343,0.6422635753084707,0.014143673636873785,15.129527841376564,0.009599499116961238,-5.061492576596467e-05,-0.002694483803019793,0.0006583589687383928,117.25912325764494
17,8.333330419345188,1.0,0.2817402555708607,0.4800000000002759,0.40901437728895507,0.5910495971186251,6.1892142252072935,0.9272195006741936,1.7140854853487728,1.0029061104084747,5.827336836420804,8.711499976568902,0.9783108727822172,0.3115284251124311,6.0,4.0,0.18419939338643884,0.027994252367231704,0.027306762827307034,0.04072608624820651,-0.0010648447127874336,-0.001064495406441237,0.012340955484982834,0.011806290670220765,0.11269785588457328,0.2978770542166723,0.0757702480180184,0.6445410168660544,0.9972835610235711,0.06288063318343116,0.6967443233841423,0.05669200704557718,0.3528955956957191,0.6345551807657362,0.018355703681125827,16.390645453180134,-0.00010694675588045678,-0.0005681861094696861,-0.002940309235121335,0.012852805163443698,119.33412145825137
18,8.328876488270733,0.9999999999999929,0.26925291396885753,0.49093439389242305,0.4247771938424472,0.6049445420547725,6.158046390959987,0.9249412141366183,1.7091074370176582,1.0016128141629121,5.811037512228215,8.72830353751074,0.9970704166917205,0.3036198629017313,6.0,4.0,0.1768224293607781,0.028060684218658483,0.027217603372771692,0.040627324046436306,-1.6308214864905826e-05,0.000518790652994331,0.0019288369052471918,0.009988864990943203,0.1366172323044002,0.31274244378965055,0.05011649555039542,0.6347888604188758,0.9973549249657742,0.03879546910855323,0.6892554022183827,0.03068303752293137,0.3377043882815626,0.6414708231628294,0.01459654447193236,15.25263071848377,0.008638490740710521,-5.142955530836381e-05,-0.002711339312856483,0.0006522014381116215,117.44635801455969
19,8.328446652934442,0.9999999999999922,0.2680477986253184,0.49198963897754294,0.4262984153074673,0.6062855009132614,6.15503847810924,0.92472134363488,1.7086270207196255,1.0014880020772863,5.809464514043345,8.72992519805007,0.9988808431959103,0.302856631625675,6.0,4.0,0.17611050100809866,0.028067095354511552,0.0272089988650945,0.04061779280684118,-5.848086823119412e-06,0.0005808941983589845,0.0011242486605488164,0.00996803744208985,0.13900463778945046,0.31424806717909315,0.04763020055290407,0.6338513628025557,0.9973618898721847,0.036465462601856,0.6885373011813835,0.028122125967437465,0.3362441083696173,0.6421590931462421,0.014203625921427404,15.145670299714117,0.009473307544348922,-5.005150389576853e-05,-0.0026966021403270458,0.0006410837009317161,117.28347826762722
20,8.333330496324656,0.9999999999999885,0.28271355415114613,0.48,0.40812761850149015,0.5905087017535793,6.191283327219582,0.927164554113206,1.7136288401797417,1.0029138906039898,5.828073261030209,8.712290708888906,0.9782313618555378,0.3120333181174697,6.0,4.0,0.18425605043975793,0.027998638448258898,0.02731863072426614,0.04072761899141217,-0.0011276872677226442,-0.0011273472104766425,0.012519143289441814,0.011856173142644866,0.11093040103204475,0.29726939674086306,0.07720454695091639,0.6451270579927977,0.9972750880691656,0.06415983791974968,0.6971742654478577,0.058549238388227766,0.3543884558930114,0.6340130481883713,0.018493056055676152,16.447225936950183,-0.00010522794191859546,-0.0005700926121841013,-0.002873707689783932,0.014645405042920251,119.38258562287119
21,8.328935037273464,0.9999999999999919,0.2695143741779012,0.49079067507978863,0.42448133562686957,0.6047078209972931,6.158662963020275,0.9249656646827126,1.709127202665637,1.0016305909299565,5.8113253887420315,8.728161749133953,0.9968158950618731,0.30377430027485447,6.0,4.0,0.1769250559512646,0.028060249663886285,0.027219962051011664,0.040628775425298275,-1.710149998515762e-05,0.0005109637115606958,0.002037440557715518,0.009990067736552755,0.13610947845753826,0.31247424278444524,0.050602962963026535,0.6349791714317161,0.9973531339293635,0.039244501912398325,0.6893992986332922,0.031228610303385623,0.3380602118377669,0.6413203045042972,0.014668199689656321,15.272635945936221,0.008524935259534868,-5.094016076719316e-05,-0.0027065702551123676,0.0006539412226778951,117.47415022381286
22,8.32854926070631,0.9999999999999921,0.26835592081045573,0.49173774102695583,0.4259166534808991,0.6059540361058062,6.155799969195614,0.9247726745976801,1.7087321071257775,1.0015179594761967,5.809855477043796,8.7295547038519,0.9984470051095368,0.3030494304684753,6.0,4.0,0.1762816360366082,0.028065657099830082,0.027211302190548764,0.04062010021500134,-6.250042819446688e-06,0.0005681648494517588,0.001311853352848986,0.009969522373260542,0.13839475542722193,0.3138739809848849,0.04825503432858726,0.6340883094117072,0.997360048972355,0.03704948986994586,0.6887183671783655,0.028776015143439238,0.3366256782607966,0.6419824087966123,0.014301933088936533,15.172286989339417,0.009274230868767877,-4.926086270054227e-05,-0.002698554947904756,0.0006166317219996609,117.32318612610715
23,8.333330616735855,1.0,0.28374844140672134,0.48000000000005344,0.4071974587215831,0.589938357512203,6.193445288139329,0.9271005671842795,1.7130768216109147,1.0029197120884041,5.828828653834708,8.713255592123348,0.9781963092659961,0.3125528825847074,6.0,4.0,0.1843116710299836,0.028002804864039596,0.02733117001409029,0.04073001239146635,-0.001179026600398463,-0.0011787009929477774,0.012674497809773224,0.011877930833327333,0.10903969391810622,0.2966054947248818,0.07871299072197879,0.6457404871798503,0.9972659304034143,0.06550479308114525,0.6976239018480305,0.06049449757151269,0.35594845109751094,0.6334400361358847,0.018631824419206102,16.505775349644495,-0.00010135364778193863,-0.0005634518435257578,-0.002770048630705725,0.016380912274494147,119.42296608040469
24,8.329027396309264,0.9999999999999929,0.2698951728700823,0.49056396692426557,0.4240447340049675,0.604352468246446,6.159564501089985,0.92500546385634,1.7091665785742913,1.0016581347374174,5.811752794722888,8.727924792679044,0.9964219355251827,0.3039997756800985,6.0,4.0,0.17708463953594575,0.028059371876251033,0.027223288972902916,0.04063109143264784,-1.8031509784393864e-05,0.0004989387409595619,0.0022078910491070453,0.009991656879632549,0.13536770936778944,0.3120710892850677,0.05132058340090247,0.6352582418594976,0.9973505698991011,0.039908511767719895,0.6896107276158224,0.03202204337967153,0.3385683913245093,0.6411018318030658,0.014774351289796329,15.302302552952012,0.008345804414364147,-5.015627432872662e-05,-0.002698077007011873,0.0006490930340743994,117.51540051271702
25,8.328721629140032,0.9999999999999925,0.2689108229448738,0.49131459411554906,0.4252418243610308,0.6053766690540512,6.157157087264878,0.9248565953926481,1.7088887345817008,1.0015684928187754,5.810539462245059,8.728967119003094,0.9977169651997797,0.3033920310081762,6.0,4.0,0.17657111971989506,0.028063391269514966,0.02721562343934718,0.040624062561579834,-7.643056833521917e-06,0.0005460636404403204,0.0016285987216549153,0.009973078385430934,0.13730114960610304,0.31322206749290377,0.049360654144941826,0.6345101877411935,0.9973566301655297,0.038080495211795726,0.6890401065607265,0.0299481969196719,0.3373262769529124,0.6416642659957846,0.01447332107289362,15.21907309632337,0.008939763475498788,-4.824334179141283e-05,-0.002698189021252632,0.0005863084737237068,117.39202868997997
26,8.333330816421253,0.9999999999999983,0.2848477071616875,0.48,0.40623417598637773,0.589341500707404,6.195634518580565,0.927025582474483,1.712357528267801,1.002921524450855,5.8295454866213445,8.71449923824301,0.9782470037991491,0.31307076888730234,6.0,4.0,0.18435731509580655,0.02800633965486151,0.027344349163031564,0.04073397051371589,-0.001198053910129929,-0.0011977522424366806,0.012762635404842904,0.011844560504668089,0.10700672817679856,0.2958693517878502,0.08028075509890396,0.6463752965161664,0.9972559176763721,0.06690085337765017,0.6980883382405623,0.06250868606617664,0.35756112775387006,0.6328359227116473,0.018772866217466256,16.564448487628557,-9.360839096340304e-05,-0.0005393625238248892,-0.002599429838690235,0.017733898513539043,119.4457835137554
27,8.329182547868154,0.999999999999993,0.2705045113665552,0.49018313470399416,0.4233410595235655,0.6037731522193864,6.161004830396447,0.9250734941008316,1.7092356139503109,1.0017037959819832,5.812440064682687,8.727520330927085,0.9957699690597166,0.3043599047960888,6.0,4.0,0.1773497392574862,0.02805768610804962,0.02722849601171562,0.04063505335679344,-1.9509170770515593e-05,0.0004788235843279318,0.002493878505190545,0.00999453844806486,0.13417875683604913,0.3114130306507676,0.05247647965918193,0.6357059913926427,0.9973465040579061,0.04097970179083635,0.689950377869974,0.03328730985096092,0.33936941643622515,0.6407535118561442,0.014945585121629298,15.35023227972279,0.008044860078631942,-4.898505350100247e-05,-0.0026810553417678795,0.000635843740945663,117.58175046645668
28,8.333331346760568,0.9999999999999709,0.28597312109817097,0.48,0.405349508902735,0.588767224779781,6.197326014103435,0.9269292688965369,1.7110451208145134,1.0029058012141765,5.8297904528499895,8.716625099236794,0.97863566743928,0.3134618407923246,6.0,4.0,0.18433024111185053,0.028006606599288126,0.027357460828930334,0.04074429105612437,-0.001052696989558811,-0.0010524588517213827,0.01249825125813737,0.011587027172124453,0.10481812114928946,0.29499886216061316,0.08174785174734552,0.6469653274846604,0.9972444583211717,0.068191892973229,0.6985144550241934,0.06438279781764056,0.3590603831385333,0.6322277823079068,0.01891765716225597,16.608805316065684,-7.157886776163341e-05,-0.0004417226311320517,-0.002167368686314083,0.01661177509035036,119.38985266128756
29,8.329702551346855,0.9999999999999902,0.27244332090630285,0.4889067977188876,0.42108602881403606,0.6018923345003121,6.165557266503366,0.9253060937940143,1.7094624144987391,1.001854453297116,5.814614733168138,8.72615474090281,0.99362238449879,0.30550072615274937,6.0,4.0,0.17822466362511097,0.028051283888290337,0.02724466024510478,0.04064874502638997,-3.444687925845275e-05,0.0004014218561482078,0.003474618274288791,0.010020581661329686,0.13039787462834365,0.30927947666279654,0.056174886612890336,0.6371318941526092,0.9973336735968705,0.044412540064115914,0.6910333903981395,0.037282218628231376,0.3418682873447068,0.6396533691766324,0.015491388268110085,15.504390684794902,0.007035415610511,-4.9975539840135195e-05,-0.002609522483375955,0.0007398243550754691,117.79399820810453
30,8.333331876451972,1.0,0.2872608879861992,0.480000000000448,0.4043414119430779,0.5881079621536327,6.199286233031995,0.9268271738409756,1.709680348511287,1.0028910040011771,5.830209592614148,8.718917791945499,0.9790453952611192,0.313905695671657,6.0,4.0,0.18432141192606136,0.02800695480964847,0.027371718451661826,0.04075509636674805,-0.0008955113181603266,-0.0008953366489248449,0.012187934233748088,0.011306470461684204,0.10230426193664686,0.2940082277362217,0.08340333716014776,0.6476387367974114,0.99723160128684,0.06966531477005361,0.699006900994477,0.06651485062610155,0.3607809052708799,0.631532535007667,0.01907797067862447,16.65987181848955,-5.087287254013176e-05,-0.00034533486227549134,-0.0017133216113790841,0.015104797609654108,119.3382423989441
31,8.330544235828121,0.9999999999999925,0.27587969430908027,0.48684120337276243,0.4172027492078228,0.5986955714790483,6.1733794226547225,0.9256588506932197,1.7095129560377273,1.0020948419689446,5.818231370091822,8.724476404723863,0.9902418040135587,0.3074499404569731,6.0,4.0,0.17963857345199738,0.028041003437660812,0.027274126583219736,0.04067340919125493,-7.669092634364463e-05,0.0002580871539102629,0.005107354526872879,0.01008717126008929,0.12374175209350678,0.3056380505442026,0.06253676633715227,0.6395964197114763,0.9973099779304909,0.05030546397603965,0.6929019116984585,0.0442094053329768,0.34631339723496507,0.6377239269082681,0.016393197501697748,15.767460667123025,0.005401098129834174,-5.7344277830787766e-05,-0.002392788213915463,0.0012804297919591368,118.1362837391468
32,8.333332613663998,0.999999999999976,0.28877808933809007,0.48,0.4032291574909912,0.5873517723081706,6.201226516919641,0.9267118172723335,1.7079153467397636,1.0028675984575708,5.830554690837169,8.721918998001303,0.9796781830218302,0.3143308762840319,6.0,4.0,0.18429216844128232,0.028005373673586513,0.027387075279824816,0.04077096547698162,-0.0006112046246523481,-0.0006111183171085111,0.01155776779553833,0.010856410369911806,0.09925382949688213,0.29277750799280844,0.0852276094724419,0.6483931352150192,0.9972160640087375,0.0713039523209686,0.6995643629664565,0.06889150293528389,0.36272700128344315,0.6307173762393565,0.0192680112060257,16.709700592164417,-2.5496946717125373e-05,-0.000208671583563662,-0.001061278823070351,0.011134319339724669,119.24685831830551
33,8.331775661318861,0.9999999999999852,0.28157598561652053,0.4838199369890727,0.41103162102859714,0.5936858330995765,6.185677476842237,0.9261238701284394,1.708807407173996,1.0024361128060548,5.823673692542223,8.723346982524392,0.9855766140969109,0.31048875380162366,6.0,4.0,0.18169373090578847,0.028025268339229876,0.027324007880637838,0.040716492770345294,-0.00016526376291453503,2.1660927696604878e-05,0.007574716844104553,0.010217326852258513,0.11279159786114164,0.29987083664057773,0.07260970211372131,0.643516599751357,0.997268527529229,0.05962047335211108,0.6958698115809525,0.055265014785478156,0.35363845233486285,0.6345826048896336,0.017733532663825494,16.179080934613978,0.0030108656538795063,-7.317427539147182e-05,-0.0017976468266087718,0.00279100000964122,118.6166923227522
34,8.333333299595237,1.0,0.29094137390599517,0.48000000000005466,0.4016278743484873,0.5862543882872268,6.204135826900507,0.926581606389637,1.7058979146967523,1.002848032497238,5.8314690817265165,8.72556127165256,0.980383389895241,0.31496395753466455,6.0,4.0,0.18431852540458998,0.028004275421459567,0.027407187479537975,0.040789818458050034,-0.0002742653334126846,-0.0002742612859514398,0.01073595653124139,0.010336069146058335,0.09491068584998327,0.29108095666394745,0.08780048771222296,0.6494797593961924,0.9971948675589037,0.07366068473876072,0.7003840120894549,0.07229184825799168,0.3655597373221143,0.6295529550326765,0.01953313498085588,16.785201626848668,-5.256411137915917e-06,-7.289424696069023e-05,-0.00029622262876620003,0.005574550084761487,119.17130065239452
35,8.333333333348815,1.0,0.29600856806965486,0.48000000000035076,0.3975486415935525,0.5835343865932181,6.2126120389784205,0.9263620020848407,1.7031102155678899,1.0028621198708136,5.835405594455367,8.731322546727993,0.9810046183796277,0.31684747853896145,6.0,4.0,0.18463967011790597,0.02801141680145672,0.02745400729557792,0.04080190490556376,-6.217064978125571e-05,-6.217065163892524e-05,0.010149537448338337,0.009992132340375104,0.08508156899407798,0.28752898706220503,0.09405709740308686,0.6521468791152629,0.9971494960353235,0.07946975104544445,0.70242330243614,0.08059905953396031,0.37255954241987693,0.6268512038846841,0.02010175309085907,17.01051628238204,-1.4906801443669255e-08,-4.815163939328373e-06,0.0003732782114981372,0.0015930603454235304,119.26297433630715
36,8.33333333333399,1.0,0.3163848786038954,0.4800000000000366,0.3806522108186993,0.5723476461183215,6.249406627271135,0.9253381178628397,1.6943300496154303,1.002938504181263,5.853770028346494,8.752835037871128,0.9828562911935411,0.3248550913035248,6.0,4.0,0.18623959570868176,0.0280527026299602,0.02764265633762777,0.0407866801268503,-0.0009015904492370824,-0.0009015904493157395,0.012350839397022131,0.009877484076201148,0.046595049905831215,0.27351936437104146,0.11883660989157728,0.6623509614065871,0.99697080516516,0.10253493804758042,0.7102230364070563,0.11246596651918964,0.3992061092026854,0.6166099540073804,0.021458270501915927,17.99284287024066,0.00013443956439098645,-8.877752732023774e-05,0.001254068940961493,0.024763455598103973,119.73354863652497
37,8.333333333343077,1.0,0.30389388954873053,0.4800000000002292,0.3910099805202057,0.579205288604683,6.226850983604375,0.9259657745030975,1.6997124252241258,1.0028916794342508,5.842512350350622,8.739647552778246,0.9817211875243331,0.31994630257888895,6.0,4.0,0.18525881692589494,0.028027393787561878,0.027527011598333467,0.040796013148348846,-0.00018056656418004695,-0.00018056656534910497,0.010448019674140394,0.009969964223244365,0.07006235384738489,0.28218776118706596,0.1037727766633209,0.6562394926051154,0.9970808890085966,0.08851110268832095,0.7055564704886876,0.09332604857320086,0.38328957000917535,0.6227885230852399,0.020765640770392245,17.386164891624414,5.19981839263008e-05,-1.6307680488658374e-05,0.0007163315536445672,0.0047290348156393824,119.50526913134897
38,8.33333333334098,1.0,0.3304483936918246,0.4800000000004866,0.369615841291559,0.5646035719601327,6.272380092778236,0.9242375624941509,1.6886668248866066,1.0028236985575572,5.866875741934351,8.772179927596945,0.9870487123125765,0.32927893562950805,6.0,4.0,0.18702679040712109,0.028076265408494117,0.027752958913148516,0.040766810595103994,-0.0013223963457477243,-0.0013223963466639638,0.013871085452876868,0.009944267474768509,0.01963865998088551,0.26360466550426565,0.134100024655403,0.668674563606082,0.996846782348262,0.11704923684262321,0.7151560275911661,0.1317539877441595,0.41582001648514033,0.6101551232384812,0.021508111823470632,18.55507731333651,0.0010998769679868966,-0.0001248010737814659,0.002163939297492341,0.03735327721206272,119.9004222938625
39,8.333333333342358,1.0,0.3130094648225152,0.48000000000031756,0.383665844643834,0.5741928415078507,6.24248012205811,0.9253725174582015,1.6959207143799606,1.0028683430994678,5.850875765035733,8.750815199136724,0.9835500092175755,0.32314998955481966,6.0,4.0,0.18586572320677774,0.0280441703365405,0.027604574325357376,0.040785988556254954,-0.000286060843513483,-0.00028606084459604033,0.010757838153510566,0.009963160393985149,0.05255820417393285,0.27591660476828306,0.11436495053075296,0.660709780508876,0.997001344962687,0.09847594436280085,0.7090134850093798,0.10708506448176146,0.3950635316750561,0.6182999961645462,0.021216309252637587,17.781402035972786,0.00041305618765458314,-2.549635900443437e-05,0.0012166812281969152,0.007643769697972813,119.72458100798242
40,8.333333333333371,0.9999999999999999,0.33421826605642396,0.48,0.36715945607127215,0.562516986296863,6.277032204159662,0.9235633536013812,1.6876695331524436,1.0026451821172682,5.87113369078628,8.781115847700947,0.9906916898405234,0.32963329232074573,6.0,4.0,0.186939819876503,0.028082222811577077,0.027767758781246744,0.040736425312483865,-0.0007526199725051705,-0.0007526199725097146,0.012408203181782262,0.010026577891006472,0.01161575031772327,0.26093454899226104,0.13703904099939315,0.6702199868905756,0.9968159090515206,0.12009915679765573,0.7164570251656114,0.13596091466270946,0.42010809655831305,0.6086395601499993,0.02118884303133833,18.60000679107699,0.0022039457164274665,-6.245783902203378e-05,0.0022302069605236647,0.02160025352874781,120.02251416156308
41,8.333333333337913,0.9999999999999999,0.3234963996221747,0.4800000000001605,0.3755040716690586,0.5684195811063091,6.25956479498211,0.9244779556581671,1.6918408232725461,1.0027579985946395,5.860892528556656,8.765797702031437,0.9870812950374032,0.32635573289895625,6.0,4.0,0.18639682261309076,0.02806298581886188,0.027685262749486395,0.04076148144243204,-0.0003368229129748457,-0.0003368229135243364,0.010977519846799844,0.009980524850850103,0.0321800445486156,0.2685751443903349,0.12568960129961987,0.6655404969948505,0.9969101764428153,0.10927489005678846,0.7127976569317308,0.12172445766695998,0.40784451871040656,0.6134201354525853,0.021327528936652816,18.182820988338598,0.0013018490064639848,-2.820142597873464e-05,0.0017209295630581127,0.009231938856845423,119.92471161363542
42,8.333333333330827,0.9999999999999972,0.33969867859782155,0.48,0.363389686091409,0.5594994466457721,6.2850383337857165,0.9225953685008124,1.6863221463815117,1.0024114263427433,5.8776605567137015,8.793085845474724,0.9954877466185473,0.33051123768031415,6.0,4.0,0.18684241478344185,0.02809673298703877,0.027796250218332937,0.0406914543157437,-0.0003850312378280867,-0.00038503123752750074,0.01136192344754353,0.010055235078543112,0.00030436428996330413,0.2569700682371613,0.1417075111286495,0.6724594497602966,0.9967708643620049,0.1248149648268698,0.71830503573818,0.1422678785458297,0.4261566699126785,0.6064602350231717,0.020660332362392383,18.706467117298,0.003780637717520248,-2.612213529083007e-05,0.002163598199973737,0.011242244736115597,120.16109253853747
43,8.333333333339384,1.0,0.3394513497549417,0.48000000000035253,0.3637796462492146,0.5596192374213755,6.285399407657833,0.9219866480130042,1.687128261207765,1.0022250319390984,5.8794034564662105,8.797170822056936,0.9984269683899183,0.329989043421646,6.0,4.0,0.18638886973553148,0.028108553809763744,0.027788937039141346,0.0406036044302438,-1.4044530356927487e-06,-1.4044537618664047e-06,0.009999097143425522,0.009999911767974878,-5.857066608211552e-07,0.2570876039491173,0.14047635908749775,0.6723139466364243,0.9967786808208543,0.1237931188948391,0.7182536362080966,0.1413966012678739,0.42595453155812496,0.6068522597251275,0.020245191836158857,18.623859615931536,0.005054235691267048,-1.3122389162051622e-06,0.0004350766123736501,6.024786282282646e-05,120.33100530732595
44,8.33333333333475,1.0,0.33678806574693027,0.48000000000008586,0.36566409464738886,0.5610710075516492,6.2843925096487245,0.9213914749861882,1.6888011746094718,1.0020795417140862,5.8793378251291095,8.797471258233854,1.0,0.3291905969918104,6.0,4.0,0.18603652858183656,0.02811806193757787,0.02777181526561485,0.040585946434157034,-9.787720185070093e-06,-9.787720355030252e-06,0.010035387882783273,0.010003111117856123,0.005189381559758559,0.2590122829477956,0.13814739440670737,0.6713515314629319,0.9968045402885883,0.12152807143322898,0.7174877856184696,0.1383554393015721,0.42320291305426466,0.6082199187176349,0.01960717604121483,18.510147174437694,0.005949541369386241,-1.4425715366720589e-06,9.461461983542244e-05,0.0003650924962401991,120.40356664978657
45,8.333333333337983,1.0,0.32924037848794063,0.480000000000299,0.3711217607112258,0.5652056415707754,6.279530631692393,0.9205359840892001,1.6926356001784952,1.001927086943882,5.876303955987117,8.793859341981637,1.0,0.32713738639887907,6.0,4.0,0.18594348038894334,0.028111702516402725,0.027719907868995607,0.040582106773493366,-7.474448007346967e-05,-7.474448063134613e-05,0.010289240973219751,0.010019409728812434,0.020070275346312033,0.26444492083721355,0.13150458347363791,0.668495454375681,0.9968736716914958,0.11490124940428421,0.715158473783546,0.1293511788615199,0.41500772445798595,0.6119240802740457,0.018398330057324604,18.263608033320928,0.0060815068875227155,-3.5279183491763833e-06,-0.00015579483373918802,0.0024255794645920703,120.45901711918142
46,8.333333333336538,1.0,0.33261199207344283,0.48000000000020376,0.3686837766752484,0.5633586667622521,6.281702472311398,0.9209181388647737,1.690922730938223,1.0019951897357384,5.877659210128522,8.795472814491532,1.0,0.3280545723515402,6.0,4.0,0.18598504577718747,0.028114543321816926,0.02774309532730226,0.040583821981293206,-2.6932446601021663e-05,-2.6932446985557036e-05,0.010104119810692655,0.010007638123909812,0.013405820046620547,0.2620246240741259,0.1344821215760696,0.6697844884480466,0.9968428641731718,0.11787191334908045,0.716209960716093,0.1334109273584708,0.41871298430610837,0.6102585831273405,0.018951000038997794,18.37346197864632,0.006022544929091191,-1.7235913461493034e-06,-4.3830032629951054e-05,0.0009260750456442646,120.43982506783503
47,8.333333333331819,0.9999999999999984,0.32138173964427424,0.48,0.37693608471434753,0.5695227761232693,6.277491640466033,0.918961258118299,1.6971846265245156,1.0017077400503454,5.87465009969138,8.793793996216662,0.9999999999999378,0.32486449391184213,6.0,4.0,0.18652898159787693,0.028087919276835103,0.02765880091330238,0.04058560084950437,-0.0001760394322530219,-0.00017603943207129708,0.010652094672487702,0.010030972638080171,0.03553963798856949,0.27002915064463273,0.12478963107225419,0.665576487688964,0.9969461772874557,0.10802320588351039,0.7127211908935908,0.119648654138963,0.4061368731525898,0.6160734230516541,0.016364413280650515,18.034042885652685,0.0055498261549535586,-6.683420494008678e-06,0.00012216078306725954,0.005449647781403111,120.51407085743645
48,8.333333333334389,0.9999999999999993,0.32749829352134496,0.48000000000011095,0.3724414674250485,0.566165495665985,6.279785068865074,0.9200270726752119,1.6937740868267017,1.0018642994419302,5.876289010858064,8.794708364125382,0.9999999999999717,0.3266019692510264,6.0,4.0,0.18623272710369704,0.028102420055565056,0.027704711842555154,0.04058463198942554,-5.0210475086443976e-05,-5.021047521319844e-05,0.010191221413243896,0.010011460802733296,0.02344584509506051,0.2656860551498465,0.13009097485141896,0.6678993800898456,0.996890081028917,0.11341083940708996,0.7146473106548294,0.12723144929511776,0.4130910565731182,0.6128824648319343,0.017802653863344727,18.218394998618543,0.005807336227332368,-2.322796998898027e-06,3.1911912701904126e-05,0.0016213505654148752,120.48716212029116
49,8.333333333325134,0.9999999999999929,0.31618018654875085,0.48,0.3809119087011211,0.5723872963751079,6.279952613498629,0.9170629921909246,1.7008142964075725,1.001486269761799,5.875381261836398,8.798396304754677,0.9999999999996442,0.32321909881262556,6.0,4.0,0.18773817778645638,0.028051507453818063,0.027610481521226724,0.04058333689754474,-0.00019914768503067316,-0.00019914768404690953,0.010674334053023569,0.010019162097224088,0.045627788305354494,0.27367363487280744,0.12057673389520679,0.663780538528635,0.9969956287169868,0.10346475698377572,0.7111443392545738,0.11299444632412599,0.4000955556665183,0.6191403314749948,0.014148296734220203,17.91564186660579,0.004377422457423632,-1.5826485667541493e-05,0.0006393993784720625,0.005579511339297849,120.59129566925566
50,8.333333333329351,0.9999999999999959,0.32133762799086985,0.48000000000005055,0.3770520931881529,0.5695521426785104,6.279876266664429,0.9184136660769777,1.6976062096894042,1.0016585305421026,5.87579490542845,8.796715781864792,0.9999999999997934,0.324760607143884,6.0,4.0,0.18705217316049463,0.028074707337227174,0.027653420447806956,0.04058392704575182,-8.061221512250669e-05,-8.061221464477626e-05,0.010286025752126195,0.010012090665837081,0.0354796252216076,0.27005286628205616,0.12493473754734195,0.6656905277239369,0.996947724290973,0.10802160238094696,0.7127685834151,0.11957494242059569,0.4061298719936142,0.6162649507864267,0.015844472085959856,18.053211663724916,0.005029012252390657,-5.754766373266623e-06,0.0003626959178064876,0.002326152054169528,120.55875909893439
51,8.333333333338953,1.0,0.31263024627342284,0.4800000000003362,0.38371100286933,0.5743430220825644,6.286603180087123,0.9146739917298735,1.7037617994260799,1.0012377026499188,5.877974646695746,8.807538559420935,1.0,0.3219863986005,6.0,4.0,0.18955449550357722,0.02800120841675247,0.027570198921893503,0.040569212757807595,-0.00015257619682692607,-0.00015257619750112824,0.010406606408683215,0.01000362491336404,0.05233335593495355,0.27613552661397384,0.11809363253702297,0.6627850989653672,0.997031114009559,0.10039371110199809,0.7101453080175808,0.10835369707263451,0.39593212132193023,0.6216088565643543,0.011602330094939751,17.882237580516946,0.0025472000882194703,-3.781602518245091e-05,0.0012563720866845258,0.003030490860971846,120.70401436723597
52,8.333333333329426,0.9999999999999964,0.31186330839846277,0.48,0.38433065907742375,0.574754558482953,6.298092196171012,0.9120022720338938,1.7044820092811341,1.0009913637074066,5.882124271038755,8.821743664062065,0.9999999999998181,0.321657076097379,6.0,4.0,0.19178896492002656,0.0279409555181339,0.027553765734179805,0.04051830668829674,-3.373524408964564e-05,-3.3735243620703256e-05,0.010002942311015188,0.010000074204373988,0.053475340041453635,0.2766512345174341,0.11840572737768527,0.6630695941604001,0.9970417820757885,0.09977700217365006,0.7100843183423959,0.10735914334588315,0.3951146916562586,0.6228789346421486,0.00913486397888979,17.98225680644131,0.00011131088013683997,-3.3500564686196045e-05,0.0013747244142701357,-0.0005546445139249789,120.83206942036757
53,8.333333333333401,1.0,0.3171717387577125,0.48000000000002396,0.38026427731694507,0.5718163917468317,6.304121128064933,0.9122524631539672,1.701066974776505,1.001072383963876,5.884606330427616,8.825644282307604,1.0,0.32350653530940215,6.0,4.0,0.19183896361354058,0.027949085028486104,0.027602048510008376,0.04046268165198641,-5.1347178118532085e-05,-5.134717812677395e-05,0.00944914043576033,0.009996683804418982,0.04281846899967755,0.27293195836155903,0.12336051121958551,0.6653449151326201,0.996995141981796,0.10444599967577746,0.7118540886021859,0.1142965294391862,0.4015372460071464,0.6203163257806645,0.009938917067594222,18.20199858094381,4.317981948437976e-08,-2.936605876361956e-06,0.00021292583493541831,0.0014068290796319383,120.88666554544443
54,8.33333333333695,1.0,0.32034038437753803,0.48000000000024284,0.3783938969162298,0.5700705987219707,6.307293464256434,0.9123721792716817,1.6993129076027844,1.0011189042019581,5.885988349166233,8.827537842129779,1.0,0.32447070798808947,6.0,4.0,0.19179298349102403,0.02795542273507622,0.027627265436894952,0.04045406793579537,-1.635931865754841e-05,-1.6359319091540815e-05,0.007153163193452906,0.010000222231835387,0.0358575751394671,0.27070798055115564,0.1258726602143378,0.6666782313166267,0.9969667652381002,0.10682369027018027,0.7129035168488218,0.11780142434900719,0.4052786570099497,0.6187919192839609,0.010323870392492104,18.313359597476342,-1.7663960281036842e-09,-6.883990377513247e-07,0.00010228948737968163,0.0004372300378913119,120.90252455735691
55,8.333333333336853,1.0,0.32150859755021044,0.4800000000002047,0.37827573239834755,0.5694270621469056,6.309063387146841,0.9122216063170152,1.6986946720503189,1.0011200606728028,5.886581610207434,8.828618779936367,1.0,0.3248008852358957,6.0,4.0,0.1917294963396113,0.02795904187256477,0.027636361357856614,0.04044993033314644,-2.137427012954309e-06,-2.1374274353000086e-06,0.004035386111090032,0.01000007894552768,0.032527815417367455,0.26988366732063174,0.12628838700428557,0.6671948648354341,0.9969564095478229,0.10711661007361986,0.7132896540553637,0.11840220262815387,0.40663174828390364,0.6183037281162903,0.010285289930370468,18.350152343306483,-5.795967884607978e-10,-9.017709145327261e-08,8.652264991028897e-05,3.112368102034524e-05,120.91049514506513
56,8.333333333326362,0.9999999999999936,0.3221647381972903,0.48,0.37877750285878137,0.5690652474045295,6.311250610752642,0.9117745646813298,1.698382445166131,1.0010967927493117,5.886994776262174,8.829710336301298,0.9999999999996879,0.32496888384778233,6.0,4.0,0.19164725627620563,0.027962696561082915,0.027641499558681035,0.04044643080079763,-6.719999412414494e-07,-6.719991046489945e-07,-5.892433992801419e-06,0.010000021681721316,0.0298889699969588,0.2694194131743618,0.12609929535375333,0.6675453388687603,0.9969507634026065,0.10670583313820886,0.7135094432339542,0.11805733828328077,0.4073694788635245,0.6181625728851837,0.009932643689238853,18.367512219707393,-5.885993219589849e-10,-4.591234683179681e-08,0.0001076089765797705,-1.4301757415291494e-05,120.92050587266131
57,8.333333333324749,0.9999999999999921,0.3211813553451495,0.48,0.3795170614596829,0.5696045927336463,6.312532388555568,0.9110337591466339,1.6989462225187761,1.0010483627028441,5.886449608537251,8.829541361094346,0.9999999999996323,0.32465305484192775,6.0,4.0,0.1916248613980919,0.027962130829732642,0.02763365381428671,0.04044207887010771,-1.5113604654408926e-06,-1.5113594352975912e-06,5.138166996384744e-06,0.010000157979006441,0.03179008925758383,0.2701112834116811,0.12540525330920854,0.6672511215000763,0.9969600583759828,0.10573242330417834,0.7131801236361566,0.11671581948851065,0.4061751287561261,0.618907110238086,0.009183972330087954,18.32999442963712,-1.2319573549316353e-11,-7.751031048641036e-08,1.914802988623699e-05,5.094442118991349e-05,120.93324920640194
58,8.333333333340189,1.0,0.3177778664416215,0.48000000000040216,0.38210941935485443,0.571476521019111,6.3211533772601385,0.9071378619211472,1.7010404154123588,1.0008221768373944,5.8842588532716205,8.829388879893958,1.0,0.32349155894625176,6.0,4.0,0.19152678240731014,0.027961620298521495,0.027605099340887323,0.040441304498779355,-1.9188036551937716e-05,-1.9188037374588308e-05,6.193934116995235e-05,0.010001027233371151,0.03841337123032436,0.2725027453961369,0.12366509338152105,0.6664545934136474,0.996992081846792,0.1024171183056786,0.7120283106268361,0.11199525714343,0.40188921963224833,0.6219762945158749,0.005331587276825135,18.19257713444988,-1.3052668717214036e-11,-1.0354380765064706e-06,0.00012272239948695786,0.0005749845948160859,120.97344335694692
59,8.333333333336348,1.0,0.31440747964128,0.48000000000017545,0.3847120304284235,0.5733304906632867,6.339461465271981,0.9009420045029588,1.7033122465540174,1.0,5.881317973024404,8.830387516688763,1.0,0.32219854538766896,6.0,4.0,0.1913327346283146,0.027964963889634317,0.027574383167395695,0.04043634205385335,-2.053579034560159e-05,-2.0535790707402517e-05,6.144355228825711e-05,0.010000267298184484,0.04491811667798707,0.27485468501094773,0.12318137184452703,0.6661574864027651,0.9970248301489288,0.09894795959544243,0.7108363010294527,0.10696086516375383,0.39728069377457664,0.6257156712944241,-1.5729173852631728e-05,18.038698495811236,-4.944762925467054e-10,-1.398320388653134e-06,0.000271325447975971,0.0005588469452978695,121.04596817046622
60,8.333333333329252,0.9999999999999964,0.3157896313272445,0.48,0.38363278862572026,0.5725673460962792,6.348804578080921,0.9004432712678726,1.7026679932518396,1.0000000000000193,5.881427467557773,8.832100439279666,0.9999999999998344,0.32257035726837,6.0,4.0,0.19127103248381266,0.027970699116694777,0.027584760632314787,0.040425373621269356,-3.1189102226236957e-06,-3.1189097329191697e-06,1.0387751554422461e-05,0.009999851608234578,0.0421823626280468,0.27388787249682706,0.1255729587807539,0.6671584580409478,0.9970134830019798,0.10016435851515015,0.711281774598424,0.10859972794127414,0.3987065613889648,0.6252182788924957,-3.555739946352385e-06,18.081078984364392,-1.4517926882851034e-09,-1.2495174341988706e-07,0.00015046355588018884,4.207010189369309e-05,121.09166773289144
61,8.333333333336247,1.0,0.32131870574850524,0.48000000000016474,0.37932705104894054,0.5695264750580472,6.395343271213471,0.8980295964742191,1.7003334113588806,1.0,5.881374445373721,8.839937821663135,1.0,0.32397236268826674,6.0,4.0,0.1910013627453292,0.02799694088367036,0.02762455976801411,0.040419291990806766,-4.5963057590644276e-05,-4.5963057940215234e-05,0.00016507653729837455,0.010000959996703807,0.031460031178036106,0.2700117614278298,0.13661451273505895,0.6716017674723159,0.9969672485649596,0.10531144673085897,0.713043808629523,0.11499020218587157,0.4040260948342561,0.6233061134194133,-6.287288761339498e-05,18.242268549745404,-3.038234090833482e-08,-1.9134195787924233e-06,0.0007202296602394131,0.0011869289509232328,121.24192153148441
62,8.333333333335101,1.0,0.33907850676586515,0.4800000000001134,0.3632745142509569,0.5597646283990569,6.594276670991523,0.8882010386735564,1.6938039808574883,1.0,5.876952708281244,8.869164075877423,1.0,0.32774670578196624,6.0,4.0,0.18982762756712404,0.02809480979218014,0.027738064747116216,0.04039020176950173,-0.0004003063885094486,-0.0004003063887215317,0.011670379127277133,0.010064682689019055,0.0002994272745770496,0.2573291575227512,0.17881442109075296,0.68742178173171,0.9968209976364895,0.1231122560127088,0.7181975703622204,0.13489674098698076,0.4183159628749682,0.6181337974858644,-0.000712205381593506,18.676267652544272,-4.2117820798216924e-07,-1.7308691342733174e-05,0.0028592696721878794,0.011811978314999472,121.69075955748772
63,8.33333333333627,1.0,0.3387101973251414,0.48000000000017534,0.363779678819198,0.559947088770555,6.658223732896436,0.8857059979318137,1.6949762067500616,1.0,5.8723936832349946,8.876669381069535,1.0,0.3268019165143013,6.0,4.0,0.18913838573534297,0.028119970584708057,0.0277221512465848,0.040275044555994496,-2.2197691193922027e-06,-2.2197694718206176e-06,0.009998683262480388,0.009999872258800724,-9.142358270838817e-07,0.2575225526156474,0.1850497024477725,0.6902140806172303,0.9968347353462601,0.12102948780845811,0.7178512905718946,0.13152352322953986,0.4158390897750446,0.6190459041012817,-8.617201184219356e-06,18.549235008095955,-2.815430539588901e-08,-2.812389108764991e-06,0.0009829982229795312,-0.00026859687737579296,122.03464290767643
64,8.333333333335965,1.0,0.33854782665847827,0.480000000000143,0.3637795275592737,0.5600442899525452,6.998010214291196,0.8704206802901908,1.7004750044304313,1.0,5.852404374603378,8.917218467411507,1.0,0.32366779448557365,6.0,4.0,0.18659566523573445,0.02825582069549554,0.027676448414297415,0.04023549313744817,-2.591740467514036e-05,-2.5917404990897368e-05,0.009999742140752943,0.010000053916891405,-2.604632849325393e-07,0.257651553078013,0.22387629584795674,0.705228750193081,0.9968632655038618,0.1190500010852317,0.7171557024386881,0.12091954931864428,0.40532923549744915,0.6231133630028087,-0.00033995930804420763,18.14614525651446,-8.065678194760397e-07,-3.054734621925825e-05,0.0049716712510695735,-0.0019383053027596797,123.0494926180428
65,8.333333333338084,1.0,0.32089901088404765,0.48000000000030046,0.37593508996250474,0.569729570769455,8.405094808548736,0.8088684099808955,1.7276765404456704,1.0,5.759607110465457,9.0785449059446,1.0,0.3061044200347258,6.0,4.0,0.17531725883858665,0.028796624932502495,0.027382754827701177,0.040036445095484714,-0.001453592245107937,-0.001453592245677248,0.011561909979884075,0.010097304989410527,0.0338608789646495,0.2703430015982043,0.34103372671056514,0.7499944685192408,0.9971087680227779,0.09479262922647932,0.7086286306598221,0.04733986001922778,0.33614191190359133,0.6482791864021442,-0.003187166183993166,15.990144304789139,-1.2551480903312624e-05,-0.000787286278448952,0.02031294825904088,0.0035192929181356025,126.73623932301402
66,8.333333333331174,0.9999999999999976,0.32740914115545255,0.48,0.37063536193538826,0.5657977161838821,8.666167267161333,0.8023029946245737,1.7133705316973575,1.0009045295746644,5.734069751227338,9.111709055654893,0.999999999999899,0.3063263705569244,6.0,4.0,0.1723344925467737,0.028908599405170193,0.027692825039693218,0.03923937764785296,-9.456343992197367e-05,-9.456343966279219e-05,0.010216853895439724,0.009955493640360968,0.018712510825223433,0.2651671967942392,0.3613835216114363,0.7583773425887892,0.9970563589453364,0.09308837729810343,0.7085748364427638,0.04038638887295498,0.33340095970101874,0.6482171295373016,0.0015110802375192037,15.96229789961227,-5.802466873077847e-07,0.008642445250137921,0.0037347505752008537,0.00023238980241049867,126.40500415069613
67,8.333333333329227,0.9999999999999964,0.3288034553509371,0.48,0.3694899932294037,0.5649609485297991,8.773922556131842,0.7972312940364799,1.7126778293684732,1.0009931167510715,5.730866443488656,9.122630498801966,0.9999999999998177,0.3060589605637391,6.0,4.0,0.17189254485321617,0.02894532856913428,0.02773246847421673,0.03909337364800068,-8.378682782889237e-07,-8.378677854568951e-07,0.010009858158132014,0.009998395441169872,0.015464797952219219,0.2641107205578581,0.36931210050618574,0.761567674004192,0.9970498815734522,0.09332817678874958,0.7087719739949236,0.037551779513624664,0.33158069621403313,0.6493620965887501,-2.9816767736249683e-05,15.934731102905584,-5.81129242248566e-08,0.00999901060461037,0.0012139556903396314,-0.0003566317190061008,126.573526170249
68,8.33333333333653,1.0,0.33223279216579177,0.4800000000002108,0.36682523403895784,0.5630766784800045,9.112708824538213,0.7868058894362137,1.7141898939732731,1.0020324635865554,5.73402886735369,9.14673378839426,1.0,0.30488148600563875,6.0,4.0,0.171467785740137,0.029026344271045383,0.027716390507103037,0.039045973565854646,5.4402553882727545e-06,5.440255004719699e-06,0.010061755365122898,0.0100032540533046,0.008364742812995854,0.2616517770070367,0.3941791324466262,0.7712660153660971,0.9970316086750574,0.09779968909569911,0.7102414069864308,0.03028101614661183,0.3259753545011822,0.6504472017493347,-0.00018840265402530446,15.832701400976443,-2.787158146785472e-07,0.010000212154485487,0.002689800870602002,-0.0010223063778125319,127.08645682402116
69,8.33333333333108,0.9999999999999987,0.33545812879849846,0.48,0.36375383610522544,0.5614574381004697,10.247241070811567,0.7548136196902968,1.72365651751578,1.0061055001562806,5.782655884488015,9.193869338795649,0.9999999999999215,0.29964202672963586,6.0,4.0,0.17207942474936289,0.029184833575174655,0.027337255525927338,0.03894122941341366,0.0001207200175952229,0.00012072001786568812,0.010045817087491495,0.010016860973477981,-2.4345526443761415e-05,0.2595325619358912,0.46011731416443685,0.7975551868589231,0.9970501219598092,0.10954407832899164,0.7149179152077935,-0.0024719338841846746,0.2997955172135265,0.6563999791753862,-0.0014400887248885968,15.388644688945545,-1.061500012577604e-06,0.0005967532325464086,0.005428944551525437,-0.007269579783145547,129.4206667908029
70,8.333333333339834,1.0,0.33484595279801926,0.48000000000039267,0.3637795269337031,0.5617702923642302,10.463031820428593,0.7551963120334421,1.7376124973394034,1.008034359615096,5.855804634918169,9.169051261157929,1.0,0.30069718608284,6.0,4.0,0.18007873770689276,0.029101389221934906,0.02724040304055342,0.038730961172926695,-0.0004337613337934281,-0.00043376133457312356,0.009996653750912696,0.0099997482244929,-3.3817686303077214e-06,0.25993214151843336,0.46935920211144666,0.8015566961931957,0.9970922971339538,0.11869846894949099,0.718420803917996,-3.569764968851584e-05,0.30100074708809627,0.6543872076512882,-3.757607283954309e-05,15.786894628423045,-2.916694037025586e-07,-0.0004557844401345714,-0.003388818212578448,-0.00041758039729070107,131.06161508815342
71,8.333333333366944,1.0,0.33491199623219187,0.4800000000019876,0.36377952755961485,0.5618237533199941,10.897673515502703,0.7504848089094848,1.7438763417023802,1.0108782992967589,5.949806757509795,9.129202714632296,1.0,0.30047277795062216,6.0,4.0,0.18952222602142427,0.028967386852900734,0.02714679634891999,0.03886265966161828,-0.0005054565632400907,-0.0005054565672713767,0.009999959637768516,0.009999976378447517,-4.076839205682038e-08,0.2600027340263054,0.4907275429583711,0.8096381758313639,0.9971011422425353,0.13508650170339045,0.7234298883728314,-0.00011322929421064522,0.298878399801276,0.6522139382130107,-0.000161097369860599,16.11671656119348,-7.619914644242906e-07,-0.0005313992009038398,-0.00497638731376184,-0.0008263622978200991,131.67407262208135
72,8.333333333331074,0.9999999999999977,0.3352392462050451,0.48,0.36377952755901843,0.5617217178052012,11.101431197067095,0.7483146273626351,1.7400128786933429,1.0120539084022626,5.988115237437212,9.105339824247567,0.9999999999999198,0.3001186837661087,6.0,4.0,0.19276560327175485,0.028894303630426933,0.027123915748366513,0.03905702253307704,-5.0379182618546024e-05,-5.037918234741657e-05,0.009998970571282914,0.009999455887297892,-1.0398270879162322e-06,0.25986792602700765,0.5010493710212871,0.8133253311289227,0.9970848128892652,0.1432208847852182,0.7256166829458695,-2.9167991661567685e-05,0.29775761172301285,0.6509290880482618,-3.123994679640925e-05,16.19691743519293,0.00015428006707919882,-5.113178806823529e-05,-0.0027582070415526952,0.000454034531442854,131.19602295473553
73,8.333333333348946,0.9999999999999988,0.33507619925679943,0.4800000000009903,0.3637795275593156,0.5617725553321065,10.999912263784914,0.7493958848346153,1.7419377859677156,1.011468180387342,5.969028663679431,9.117229119209542,0.9999999999999598,0.3002951054038955,6.0,4.0,0.19114964358789283,0.028930716151071068,0.02713531563348108,0.03896018441031935,-0.00026461946624833693,-0.0002646194681214002,0.009999720669886334,0.009999850726740367,-2.821509137965129e-07,0.2599351993313098,0.4959551097457934,0.811505452759179,0.9970929804338229,0.13918347262894679,0.7245310207207976,-6.382082347789167e-05,0.2983156088561287,0.6515665356438523,-8.819449345179181e-05,16.156938539342168,7.698981270278001e-05,-0.000277730923732262,-0.0038597403002188857,-0.00012538607511436428,131.43484743802568
74,8.3333333333241,0.9999999999999911,0.3353030275687927,0.48,0.3637795275589039,0.5617147071130008,11.25104767560576,0.7466499625701214,1.739764722210425,1.012728551877258,6.01837357288983,9.076668639863982,0.9999999999996,0.3000103464261468,6.0,4.0,0.19412946855069332,0.02888527700557564,0.0271038966679042,0.03911114326678059,-3.499995557394856e-05,-3.49999544661091e-05,0.009999507033467303,0.009999684659735553,-4.979464081894988e-07,0.25985885956376736,0.5078722306887533,0.8158662769569182,0.9970823127246471,0.14855499384805965,0.7271882443397114,-3.732511025828148e-05,0.29706264134205196,0.6501668169545871,-4.763169020784742e-05,16.199727392144716,0.002062264371195455,-3.630625818661856e-05,-0.004498976944418607,0.0008961109365682174,131.16988313595834
75,8.333333333342885,0.9999999999999969,0.3351315339227202,0.4800000000007487,0.36377952755921517,0.5617584432847602,11.061176635907916,0.7487260183183281,1.741407668029714,1.0117756474522677,5.981066332355159,9.107334408296028,0.999999999999872,0.3002256385778048,6.0,4.0,0.19187657056349852,0.028919631291718102,0.02712765099078945,0.0389970107562753,-0.0002021748774587388,-0.00020217487860475463,0.009999759569280009,0.009999868241602261,-2.4285887307600483e-07,0.25991662110732655,0.4989124083846787,0.812587582398755,0.9970904032391642,0.14148543644553377,0.7251835507061521,-5.051008020444677e-05,0.29800921840507194,0.6512219955618279,-6.955493507101712e-05,16.167410466722192,0.0005598633417253323,-0.00021216480214903983,-0.0040122892495771416,0.00017329161777046576,131.3710103198857
76,8.333333333347237,0.9999999999999982,0.33509180108018727,0.4800000000009222,0.3637795275592873,0.561768576385696,11.017185990804366,0.7492070133757095,1.741788317161755,1.0115548719172305,5.972422730988856,9.114439267141634,0.999999999999935,0.30027551896320875,6.0,4.0,0.1913546034643195,0.028927590732040775,0.027133154557786206,0.03897056774120357,-0.0002465864376618337,-0.0002465864393299187,0.009999737592029132,0.009999859462678673,-2.6505791815119537e-07,0.2599299640624281,0.49679227531725834,0.8118117847995349,0.9970922554605804,0.13983355984293735,0.7247152873128783,-5.96112957574682e-05,0.29822917147113454,0.6514691889579746,-8.23576185346002e-05,16.159893295129866,0.00021304459747269075,-0.00025880216625392716,-0.003902530416682944,-3.79290604100857e-05,131.41690206220215
77,8.333333333348405,0.9999999999999986,0.3350811417633919,0.4800000000009687,0.3637795275593066,0.5617712948404078,11.005384413260485,0.749336052185087,1.741890435697144,1.0114956434246634,5.970103871341704,9.11634532108577,0.9999999999999519,0.3002889006091218,6.0,4.0,0.19121457289232366,0.02892972604858257,0.027134631025624474,0.03896347374901208,-0.0002588703928529618,-0.00025887039466096707,0.009999726536871836,0.00999985381708457,-2.7622469066807086e-07,0.25993354109821026,0.496220601310551,0.811602600112651,0.9970927509124741,0.13938950248863063,0.7245894187102002,-6.244829700926764e-05,0.2982882220939361,0.6515356799425444,-8.629580787409195e-05,16.15787475971894,0.00012008273106917623,-0.0002716967701841614,-0.0038732769567628713,-9.740464727736597e-05,131.4291671142603
78,8.333333333348774,0.9999999999999988,0.33507778021145845,0.4800000000009834,0.3637795275593127,0.5617721521398827,11.001662634785216,0.7493767462246279,1.7419226400838477,1.011476964961726,5.969372589283026,9.116946419584307,0.9999999999999573,0.3002931206823737,6.0,4.0,0.19117041245980557,0.02893039944797461,0.02713509664864813,0.0389612365678095,-0.0002627768417958263,-0.0002627768436481507,0.00999972259762202,0.009999851747820143,-2.8020371394983e-07,0.2599346689391007,0.4960400611203114,0.8115365377253534,0.997092907031517,0.1392493841296008,0.7245497028615764,-6.337785641308033e-05,0.29830684825151454,0.6515566641243401,-8.758215142861334e-05,16.157238025592765,9.077310281857721e-05,-0.0002757969777394623,-0.0038640683567558462,-0.00011640784687613759,131.4330309431397
79,8.333333333348891,0.9999999999999988,0.33507670651134597,0.4800000000009881,0.36377952755931464,0.5617724259665441,11.000473876126543,0.7493897441481159,1.741932926360636,1.0114709989471724,5.969139013350185,9.117138414097038,0.999999999999959,0.30029446859941167,6.0,4.0,0.19115630734933878,0.02893061453583203,0.02713524537147103,0.03896052199854019,-0.00026402787742938226,-0.0002640278792959114,0.009999721293640842,0.009999851057695519,-2.815208613791585e-07,0.2599350291557887,0.4959823696342706,0.8115154275542354,0.997092956883932,0.13920462146837811,0.7245370151971314,-6.367829223415667e-05,0.2983127979431538,0.6515633681560306,-8.799750771291495e-05,16.157034632381126,8.141214520615646e-05,-0.00027711002044340696,-0.0038611287767662586,-0.00012250252781897952,131.43426465725832
80,8.333333333348929,0.9999999999999988,0.33507636217127945,0.4800000000009896,0.3637795275593153,0.5617725137838868,11.000092636308397,0.7493939126359336,1.7419362252121426,1.0114690856216317,5.9690641045825314,9.117199987531297,0.9999999999999596,0.3002949008819803,6.0,4.0,0.19115178378207803,0.028930683515397435,0.027135293067495403,0.038960292833220306,-0.0002644294274078567,-0.00026442942927878927,0.009999720870756259,0.009999850833377066,-2.819480158006455e-07,0.2599351446764585,0.49596386508404605,0.8115086564663211,0.9970929728704786,0.13919026507674967,0.7245329459869931,-6.37750052516532e-05,0.2983147060732474,0.651565518326339,-8.813117479740919e-05,16.156969401649672,7.841012076852413e-05,-0.00027753146858459487,-0.00386018621590578,-0.00012445967498858623,131.4346602717663
81,8.333333333348941,0.9999999999999988,0.3350762515964157,0.4800000000009901,0.3637795275593155,0.5617725419838892,10.999970212155478,0.7493952512253613,1.7419372845429943,1.0114684712124136,5.969040049796043,9.117219760060745,0.9999999999999597,0.3002950396970378,6.0,4.0,0.19115033116914593,0.028930705666191926,0.02713530838369561,0.038960219243398805,-0.00026455840837243176,-0.0002645584102449269,0.009999720734475304,0.009999850761035378,-2.8208567291877916e-07,0.25993518177234604,0.4959579226091196,0.8115064820272543,0.9970929780039592,0.1391856548517714,0.7245316392546798,-6.380609914216371e-05,0.29831531881815543,0.6515662088078554,-8.817414557576772e-05,16.1569484545111,7.744611491356333e-05,-0.0002776668405297036,-0.0038598835577044023,-0.00012508841977093565,131.43478730753455
82,8.333333333348945,0.9999999999999988,0.33507621607367916,0.48000000000099025,0.36377952755931553,0.5617725510432832,10.999930882774677,0.7493956812540125,1.74193762485841,1.0114682738303324,5.9690323220737325,9.117226112086236,0.9999999999999598,0.3002950842920799,6.0,4.0,0.19114986450986507,0.02893071278224714,0.027135313304102703,0.03896019560229495,-0.00026459984775175233,-0.00026459984962453156,0.009999720690644967,0.009999850737763216,-2.821299455125359e-07,0.2599351936895636,0.4959560135306804,0.8115057834673638,0.9970929796531018,0.13918417378485964,0.7245312194579107,-6.381609206045067e-05,0.2983155156659871,0.6515664306302457,-8.8187955053127e-05,16.156941725118504,7.713642391770635e-05,-0.00027771033317403634,-0.0038597863290767477,-0.000125290434399572,131.43482811796608
83,8.333333333348946,0.9999999999999988,0.3350762046602907,0.4800000000009903,0.3637795275593156,0.5617725539540495,10.99991824631855,0.7493958194214098,1.7419377342011133,1.0114682104118407,5.969029839171079,9.117228152980088,0.9999999999999598,0.30029509862038317,6.0,4.0,0.19114971457311525,0.0289307150686223,0.027135314885020252,0.03896018800645273,-0.0002646131625170146,-0.00026461316439007796,0.009999720676556809,0.009999850730282533,-2.8214417613563165e-07,0.25993519751854055,0.4959554001444558,0.8115055590203212,0.9970929801829668,0.1391836979199434,0.7245310845777525,-6.381930316388764e-05,0.29831557891286875,0.6515665019015379,-8.819239251776376e-05,16.156939562975488,7.703692086297287e-05,-0.00027772430766278243,-0.0038597550898917055,-0.00012535534412660976,131.4348412302342
84,8.333333333348946,0.9999999999999988,0.3350762009930326,0.4800000000009903,0.3637795275593156,0.5617725548893134,10.999914186074204,0.7493958638162455,1.7419377693342304,1.0114681900347215,5.969029041384789,9.117228808743668,0.9999999999999598,0.3002951032242382,6.0,4.0,0.19114966639664596,0.028930715803261963,0.02713531539298795,0.03896018556581785,-0.00026461744074854175,-0.00026461744262160504,0.009999720672029764,0.009999850727878568,-2.8214874878585163e-07,0.2599351987488364,0.49595520305583185,0.8115054869026945,0.9970929803532186,0.13918354501876645,0.7245310412391206,-6.382033497071579e-05,0.298315599234852,0.6515665248018737,-8.819381838002588e-05,16.156938868252904,7.700494935078678e-05,-0.0002777287978728584,-0.0038597107562473743,-0.00012537535628270868,131.43484544335777
85,8.333333333322711,0.9999999999999891,0.3352562754089478,0.48,0.3637795275588666,0.5617516247856185,11.440899018735564,0.7445293902954448,1.739758898949473,1.013486160404875,6.0583905410819945,9.034843218167872,0.9999999999995177,0.2999906230418604,6.0,4.0,0.19546669926694862,0.028887653975698036,0.027080252289827116,0.03911114326736504,-6.018683802437907e-05,-6.0186836749742116e-05,0.009999692496541661,0.00999973433500434,-3.106100719994921e-07,0.2599075379264321,0.5159038378985807,0.8189314414912906,0.9970833868282145,0.15484480234935508,0.7291434196511255,-0.00010361570256052475,0.29627308823519183,0.6493287398355154,-0.00014692573769183015,16.186851726194465,0.005204539820659485,-6.558349160889847e-05,-0.009011032806736239,0.0015740757737911504,131.24783703360484
86,8.333333333343534,0.9999999999999968,0.3351133565587309,0.48000000000078596,0.36377952755922294,0.5617682362867015,11.090904573790572,0.7483917424050922,1.741488193189182,1.0118845669546992,5.987467402303675,9.10022981858908,0.9999999999998685,0.3002322784561406,6.0,4.0,0.1920404192424582,0.028921830662332806,0.027123953974783985,0.03899133334863309,-0.00021263702967928228,-0.000212637030903145,0.009999765291084881,0.009999870218800444,-2.3707925095244756e-07,0.2599295240587886,0.5002013076131403,0.813086107017411,0.9970910610633407,0.14245602908841096,0.7254944986502601,-5.5202667400662585e-05,0.29789182386327195,0.6510962356272058,-7.641103111437307e-05,16.16324494131018,0.0011284723682078927,-0.0002232728680037333,-0.004916350739898125,0.00035475866733108985,131.39842085439375
87,8.333333333347674,0.9999999999999983,0.335084936574004,0.4800000000009423,0.3637795275592938,0.5617715395501014,11.021306779204695,0.7491597865630154,1.7418320702621242,1.011566083694278,5.9733640526209255,9.113232205485533,0.9999999999999384,0.3002803326013608,6.0,4.0,0.19135908976199842,0.028928626833101764,0.027132644229548353,0.03896750866731689,-0.0002519260138628217,-0.0002519260155833227,0.00999973352296151,0.009999857347031904,-2.6916806939067373e-07,0.25993386611259095,0.49695980718203064,0.8118794522165459,0.9970925320398437,0.13995487973856763,0.7247581161116393,-6.097748450852968e-05,0.298215851102595,0.6514555517871908,-8.427184861265151e-05,16.158427668864885,0.00032391117342440794,-0.00026441403349248725,-0.004107868018149582,-6.3806140863931216e-06,131.42638736835653
88,8.333333333348605,0.9999999999999987,0.33507854226435035,0.4800000000009774,0.36377952755930976,0.5617722827626418,11.005647733147176,0.7493325914473468,1.7419094403419575,1.0114944270552542,5.970190891695906,9.116157657024344,0.999999999999954,0.30029114446799726,6.0,4.0,0.19120579510979938,0.028930155926828353,0.027134599479717077,0.03896214827070869,-0.0002611874221028826,-0.00026118742393503575,0.009999724258662341,0.009999852624761663,-2.7852590360656083e-07,0.2599348416739397,0.49622483599774503,0.8116058581248624,0.9970928603762661,0.1393903924392638,0.7245919345823758,-6.300877219971647e-05,0.2982888581751973,0.6515367578895642,-8.707278101514589e-05,16.157338262299714,0.00014316143986537922,-0.0002741292234490836,-0.0039262281435483645,-9.311426226565889e-05,131.4325849771684
89,8.333333333348854,0.9999999999999988,0.3350768332311122,0.4800000000009868,0.36377952755931403,0.5617724814040906,11.001462475998265,0.7493787777140489,1.7419301193589642,1.0114752750928908,5.969342788024884,9.11693955439674,0.9999999999999583,0.30029403419971956,6.0,4.0,0.19116482342246607,0.028930564613949335,0.027135122067409617,0.03896071557562988,-0.00026368913584300677,-0.00026368913770499026,0.009999721650842983,0.009999851248981395,-2.8116005299977595e-07,0.2599351023308153,0.4960280425951797,0.8115326015166334,0.9970929479674535,0.13923941070374177,0.7245474873457818,-6.359759129968368e-05,0.29830837755837464,0.6515584847664724,-8.788604129649635e-05,16.157046747681292,9.486856732045322e-05,-0.0002767545262092369,-0.003877696900995962,-0.00011663750639406834,131.43423549095482
90,8.333333333348921,0.9999999999999988,0.3350763719227125,0.48000000000098936,0.36377952755931514,0.5617725350221051,11.000332776332623,0.7493912444773072,1.7419357011136254,1.0114701055263127,5.969113864831041,9.11715060694829,0.9999999999999594,0.30029481420650156,6.0,4.0,0.1911537641972299,0.02893067492824724,0.027135263126159537,0.03896032885742024,-0.00026436631702555336,-0.0002643663188956336,0.009999720937408465,0.009999850869409022,-2.818806906642202e-07,0.2599351726820828,0.4959748977235893,0.8115128182684413,0.997092971598456,0.13919864929101228,0.7245354877290288,-6.375985274361057e-05,0.29831364677056443,0.6515643509972636,-8.811024005466164e-05,16.15696803611834,8.183439886731577e-05,-0.0002774652336142668,-0.0038645983581939674,-0.00012301169172709847,131.43468057271
91,8.33333333334894,0.9999999999999988,0.3350762470741419,0.48000000000099,0.3637795275593155,0.5617725495332923,11.000027034255139,0.7493946184838809,1.7419372117604972,1.0114687064340817,5.969051909025441,9.117207726240727,0.9999999999999597,0.3002950253076475,6.0,4.0,0.1911507711269459,0.028930704783724445,0.027135301302319594,0.038960224195949224,-0.0002645497290659435,-0.00026454973093815456,0.009999720743628362,0.009999850766080343,-2.820764272844831e-07,0.25993519172150825,0.4959605127094028,0.8115074634281487,0.9970929779930816,0.13918761704044183,0.724532239985919,-6.380401038368382e-05,0.2983150728652803,0.6515659387542482,-8.817125950259123e-05,16.156946731790907,7.830691864915728e-05,-0.00027765773137593085,-0.003861053453315514,-0.0001247386082811608,131.43480099818683
92,8.333333333348945,0.9999999999999988,0.3350762132633037,0.48000000000099025,0.36377952755931553,0.5617725534631361,10.9999442347818,0.7493955322147277,1.741937620865997,1.0114683275392276,5.969035130477601,9.117223194989322,0.9999999999999598,0.3002950824769578,6.0,4.0,0.19114996055927652,0.028930712869028926,0.027135311640987966,0.03896019585207601,-0.0002645994099935946,-0.0002645994118663738,0.009999720691098954,0.009999850738054539,-2.821294872963937e-07,0.2599351968776338,0.4959566168972279,0.8115060132069942,0.997092979724777,0.13918462930170522,0.7245313604369792,-6.381598675395197e-05,0.298315459075328,0.6515663687510627,-8.818780956264518e-05,16.15694096213085,7.735163139304795e-05,-0.0002777098737439703,-0.0038600934470290485,-0.0001252064152000576,131.43483360887578
93,8.333333333348946,0.9999999999999988,0.3350762041138661,0.4800000000009903,0.3637795275593156,0.561772554526578,10.999921828693726,0.7493957794763707,1.7419377315726656,1.0114682250077605,5.969030590090983,9.117227380935553,0.9999999999999598,0.3002950979473533,6.0,4.0,0.19114974121427517,0.028930715056966084,0.027135314438700375,0.03896018818203544,-0.00026461285473287666,-0.00026461285660593994,0.009999720676879724,0.009999850730466497,-2.82143849770858e-07,0.25993519827291256,0.49595556265445523,0.81150562076375,0.9970929801933804,0.13918382079664096,0.7245311224243001,-6.381922894571129e-05,0.2983155635865195,0.6515664851117016,-8.819228995769746e-05,16.156939400812707,7.709312478716891e-05,-0.00027772398463104755,-0.0038598336634107742,-0.0001253330165708333,131.43484243337554
94,8.333333333348946,0.9999999999999988,0.3350762016661455,0.4800000000009903,0.3637795275593156,0.5617725548110774,10.999915834462673,0.7493958456255091,1.7419377611896762,1.0114681975778361,5.969029375415474,9.117228500788729,0.9999999999999598,0.3002951020861001,6.0,4.0,0.19114968253358916,0.028930715642298106,0.027135315187163674,0.03896018613009335,-0.00026461645161651444,-0.0002646164534895777,0.00999972067307591,0.009999850728436233,-2.8214769210996167e-07,0.25993519864618697,0.4959552806154366,0.8115055157743581,0.997092980318744,0.13918360449957273,0.7245310587494442,-6.38200964134022e-05,0.2983155915460867,0.6515665162413478,-8.819348871673323e-05,16.156938983117403,7.702396735292431e-05,-0.0002777277597313533,-0.0038596963287608,-0.00012536520749104052,131.4348447941542
95,8.333333333327456,0.9999999999999942,0.3352112133712808,0.48,0.36377952755895654,0.561787207860871,11.63081185510579,0.742350833462251,1.7398064974316392,1.014146533397397,6.09786995940485,8.990432944177494,0.9999999999997374,0.29995848762699756,6.0,4.0,0.1964244334507082,0.028900599092031395,0.02705746267179935,0.03911114326795381,-7.402353292436845e-05,-7.402353221913593e-05,0.00999983007979756,0.00999981600782962,-1.7163683905462273e-07,0.2599544757415019,0.5236804617181234,0.8218971528131102,0.997084382225292,0.16098266106483702,0.7310480752811044,-0.00020219611278557024,0.2954862501102477,0.6485228050928343,-0.00029866916413504816,16.150246264177298,0.008796537729081825,-8.487716389631488e-05,-0.013760626576344689,0.0020814136626345903,131.32335025507248
96,8.33333333334475,0.9999999999999979,0.3351025637294749,0.48000000000079696,0.3637795275592455,0.5617754159306095,11.123103085774039,0.7480202533639472,1.7415216157146984,1.0119911630379197,5.99418648035778,9.09247070301167,0.9999999999999164,0.3002293755501707,6.0,4.0,0.1921796178090877,0.028924835156568372,0.027120113890814347,0.03898966166056175,-0.0002158579012996377,-0.00021585790266941045,0.00999976879239777,0.009999872967145773,-2.33542509379175e-07,0.2599389844169568,0.5016159974341338,0.8136272052929894,0.9970914133603621,0.14351826253866598,0.7258263990479041,-5.942275953947507e-05,0.29775844996869666,0.6509553512947511,-8.277216609812115e-05,16.155909569514282,0.0017634284565356487,-0.00022682700975145694,-0.005783332723354165,0.0005500870159753923,131.41718742755884
97,8.333333333348024,0.9999999999999986,0.33508199416004125,0.48000000000094784,0.36377952755930015,0.5617731834802835,11.02698357162503,0.7490935889440574,1.7418463222118754,1.0115831079396458,5.9745571057373645,9.111788509589848,0.9999999999999503,0.3002806600997729,6.0,4.0,0.19137598855985943,0.028929423532599863,0.027131975030696746,0.03896666274113018,-0.00025340474363229353,-0.0002534047453948454,0.009999732360300813,0.00999985682303528,-2.7034245684876205e-07,0.25993603139395166,0.49720994565296167,0.8119757761144751,0.9970926409529292,0.14013937614443428,0.7248166521495958,-6.147474779767753e-05,0.29819296222856445,0.6514315144006931,-8.498330817526845e-05,16.156724227794154,0.00044691121085764914,-0.00026597374717514014,-0.004282025378822595,3.3378153599383786e-05,131.43114700530776
98,8.33333333334872,0.9999999999999988,0.3350776169719807,0.4800000000009799,0.3637795275593118,0.5617727084166247,11.006529415251883,0.7493219939041824,1.7419154194969317,1.0114962741383844,5.970379990387294,9.115899323507652,0.9999999999999575,0.30029157341125157,6.0,4.0,0.19120497689302696,0.028930399935380068,0.027134499071855986,0.03896176858931687,-0.000261850964654909,-0.00026185096650098395,0.00999972358660133,0.009999852280382582,-2.792047475575748e-07,0.2599354021622945,0.4962624083518193,0.8116206301678431,0.9970928976598477,0.13941730600009566,0.7246008897159595,-6.31745726817685e-05,0.29828561793417996,0.6515334935366626,-8.730326807484225e-05,16.15688710453592,0.00016736573524885583,-0.0002748260381517832,-0.003962916256426122,-8.604140523879589e-05,131.43395087823586
99,8.33333333334889,0.9999999999999988,0.33507656070576075,0.4800000000009877,0.36377952755931464,0.561772593778257,11.0015935902121,0.7493771106687572,1.7419320934727995,1.0114753201355526,5.969372004031719,9.116891310559046,0.9999999999999593,0.30029420691981973,6.0,4.0,0.1911637097954333,0.0289306355526895,0.02713510815224669,0.03896058757375074,-0.0002639132944258675,-0.0002639132962921127,0.009999721415735685,0.009999851125986003,-2.813975333530352e-07,0.25993525027773384,0.49603322879215517,0.8115347314920841,0.9970929593655022,0.1392429013281783,0.7245487768113272,-6.365189076058512e-05,0.2983079870597455,0.6515581366560992,-8.796116194361327e-05,16.15692585870226,9.994006877213673e-05,-0.0002769898135767035,-0.0038859308614858064,-0.0001153576719994942,131.4346186106203
100,8.333333333348932,0.9999999999999988,0.3350762927634184,0.48000000000098964,0.36377952755931536,0.5617725646980192,11.000341522790318,0.7493910921013975,1.7419363231490559,1.0114700047477319,5.969116308810101,9.117142947247922,0.9999999999999597,0.30029487496016893,6.0,4.0,0.1911532415985114,0.028930695321574093,0.027135262657260198,0.03896028798632553,-0.00026443794020798115,-0.0002644379420793399,0.00999972086173541,0.009999850829553014,-2.819571275321373e-07,0.2599352117465801,0.49597506025660476,0.8115129293719578,0.9970929750034132,0.1391986502631735,0.7245355544618767,-6.377713207864e-05,0.29831366205524257,0.6515643899860233,-8.813412357661451e-05,16.156935655464572,8.283821620179714e-05,-0.00027754040678974675,-0.003866403223442649,-0.00012282517628720013,131.43478744364774
101,8.333333333348943,0.9999999999999988,0.33507622464442777,0.48000000000099013,0.36377952755931553,0.5617725573049493,11.00002320964791,0.7493946466014841,1.7419373984597917,1.011468653416509,5.969051303405379,9.11720692085173,0.9999999999999598,0.3002950447960892,6.0,4.0,0.19115058026845874,0.028930710516619614,0.027135301937074936,0.038960211822204424,-0.0002645714174801637,-0.00026457141935280087,0.009999720720678087,0.009999850753957928,-2.8209960944059036e-07,0.25993520195062875,0.4959602699561598,0.8115073858267083,0.9970929789780764,0.13918739967138746,0.7245321927561315,-6.380924076629626e-05,0.29831510485050233,0.6515659799075126,-8.817848770280098e-05,16.156938143903577,7.849053879955555e-05,-0.0002776804944726016,-0.0038614387884962392,-0.00012472563196683217,131.4348303305509
102,8.333333333348945,0.9999999999999988,0.33507620732120746,0.48000000000099025,0.3637795275593156,0.5617725554248308,10.99994225999429,0.7493955505401296,1.7419376719201676,1.01146830976185,5.969034771995599,9.11722318986604,0.9999999999999598,0.3002950879867624,6.0,4.0,0.19114990347030864,0.02893071438084483,0.027135311926255318,0.03896019245304117,-0.0002646053680930364,-0.0002646053699658156,0.009999720684792,0.009999850734718652,-2.8213585775028105e-07,0.25993519945942656,0.4959565085243917,0.8115059760063117,0.9970929799888038,0.13918453851172433,0.7245313378345569,-6.381742363917105e-05,0.2983154717678683,0.6515663842465137,-8.818979521928112e-05,16.156938776592355,7.738489685125585e-05,-0.00027771612705968223,-0.0038601803540420183,-0.00012520907666749292,131.43484123474647
103,8.333333333348946,0.9999999999999988,0.335076202922323,0.4800000000009903,0.3637795275593156,0.5617725549474124,10.999921704452946,0.749395780077223,1.7419377413599466,1.0114682224976401,5.969030574175571,9.117227321056,0.9999999999999598,0.30029509895416784,6.0,4.0,0.1911497316109895,0.028930715362087342,0.027135314462807373,0.03896018753463055,-0.00026461398957351533,-0.00026461399144657867,0.00999972067567878,0.009999850729832782,-2.821450629153452e-07,0.2599351988268353,0.4959555533754025,0.8115056180073873,0.9970929802454537,0.13918381197491994,0.724531120743584,-6.381950263615788e-05,0.2983155649393476,0.6515664869208679,-8.819266817345493e-05,16.156938937241836,7.710414177946135e-05,-0.0002777251757011066,-0.0038598502163600403,-0.0001253316720252473,131.43484400350002
104,8.333333333348946,0.9999999999999988,0.3350762018700146,0.4800000000009903,0.3637795275593156,0.5617725548332037,10.999916787122348,0.7493958349874661,1.7419377579714455,1.0114682016221517,5.96902956996612,9.117228309326094,0.9999999999999598,0.3002951015778087,6.0,4.0,0.19114969049851893,0.028930715596821796,0.02713531506960555,0.03896018635804022,-0.0002646160520426167,-0.00026461605391568,0.009999720673498176,0.009999850728663051,-2.8214726559782606e-07,0.2599351986755052,0.4959553248825517,0.811505532366094,0.9970929803068496,0.1391836381714224,0.7245310688106752,-6.382000004501284e-05,0.29831558722799273,0.6515665114828311,-8.819335554443111e-05,16.15693897567213,7.703697911858978e-05,-0.00027772734035990114,-0.003859797236763145,-0.0001253616277720193,131.4348446658368
105,8.333333333348946,0.9999999999999988,0.3350762016865324,0.4800000000009903,0.3637795275593156,0.56177255481329,10.99991592972864,0.7493958445617048,1.7419377608678532,1.0114681979822677,5.969029394870539,9.117228481642465,0.9999999999999598,0.300295102035271,6.0,4.0,0.19114968333008214,0.028930715637750477,0.027135315175407862,0.038960186152888036,-0.0002646164116592667,-0.00026461641353233003,0.009999720673118542,0.009999850728459436,-2.821476492163057e-07,0.2599351986491193,0.49595528504214864,0.811505517433532,0.9970929803175547,0.13918360786675793,0.7245310597555675,-6.382008677652739e-05,0.2983155911142774,0.6515665157654961,-8.819347539941431e-05,16.156938982372882,7.70252685296398e-05,-0.0002777277177945022,-0.0038598024821266856,-0.00012536721468003886,131.43484478132265
106,8.33333333333958,1.0,0.3353643584556915,0.48000000000035975,0.363779527559163,0.5616662807739736,11.030057899525195,0.7487559201975924,1.7400522309796929,1.0112106774229757,5.96799285997938,9.117228478840774,1.0,0.29993169000896136,6.0,4.0,0.19096024354223637,0.028927175183796533,0.027134910006442126,0.03911114746859104,-5.765431536878543e-07,-5.765439031678998e-07,0.009999197858087021,0.009999673566071898,-8.102440598421472e-07,0.25979503699549483,0.4981956114979233,0.8121640382444347,0.9970811671413377,0.14060956961225077,0.7247011781930015,-3.0359682732804414e-06,0.2979789747913838,0.6512616859447747,-3.7334987115446424e-07,16.114446107127343,-2.0179574054811824e-09,-2.9481861852674364e-07,2.983792966068128e-10,3.4132663154218257e-06,131.08547650582366
107,8.33333333331656,0.9999999999999851,0.3353523345916332,0.48,0.3637795275587813,0.5616756534704169,11.07313307812939,0.7478142451108754,1.7402362408059169,1.0105429784016065,5.97203479899292,9.117228476257697,0.9999999999992794,0.29975959246403716,6.0,4.0,0.1912592336157235,0.028927175267984013,0.027128955091488376,0.03911114746787379,-3.857270381532275e-07,-3.8572502532854206e-07,0.009999998614475583,0.01000000130442058,-1.4002721641871205e-09,0.2598076338550573,0.5001126260663861,0.8128972043466927,0.9970818033153148,0.14134011378152275,0.7249233355805837,-9.179828185246322e-07,0.2978028799482952,0.6511987932065019,-1.6211192624389712e-06,16.110146404268104,2.2693390532304355e-12,-4.906377115543175e-07,2.80040467582295e-10,-7.427004245635915e-06,131.12031287250682
108,8.333333333352186,1.0,0.33529756145803846,0.4800000000011303,0.363779527559367,0.5617189282202688,11.279077994097825,0.7431833850173639,1.7411623243779168,1.0071050191894542,5.989859740460305,9.11722846837613,1.0,0.298894324824176,6.0,4.0,0.19239043172770529,0.0289351757804845,0.02710120344109781,0.039111147489803134,-4.809615673952708e-06,-4.8096179363098975e-06,0.009999969854104738,0.01000002532830846,-3.044954207702811e-08,0.25986467613483316,0.5090797003101145,0.8163249880651552,0.9970847753800335,0.14460930468504316,0.7259119978674017,-2.045380302968812e-05,0.2969606906788886,0.6509429802932355,-3.658812362199175e-05,16.071368023230033,0.0001740570948455102,-6.914244531691036e-06,8.407334835863656e-10,-0.00015087976724045826,131.28505371449276
109,8.333333333327847,0.9999999999999948,0.3351583510119401,0.48,0.3637795275589704,0.561828926839567,11.824159584574211,0.7348151299041896,1.74340376985892,1.0,6.032886261164118,9.117228453486415,0.9999999999997604,0.296495259750483,6.0,4.0,0.19452797600607438,0.028977487397242298,0.027030701053131427,0.03911114751936316,-1.1901792439799257e-05,-1.1901791781418194e-05,0.00999980588408508,0.010000160743472097,-1.9607691447157264e-07,0.26000968598941226,0.5313213701919753,0.8248200851511575,0.9970914283049156,0.15259223999107438,0.7283079565180709,-0.00013136924682755085,0.29484346029607444,0.6493697937102448,0.002588300930978254,15.91890875353132,0.0010942334847881552,-2.4404814441785103e-05,1.5965289526148552e-09,-0.0009225866198833699,131.673559060758
110,8.333333333331295,0.9999999999999984,0.33504950198149525,0.48,0.363779527559025,0.5619149675852788,12.27974562386087,0.7431659233208641,1.7447810845561897,1.0,6.064715893622298,9.117228453409515,0.9999999999999243,0.29440332892204657,6.0,4.0,0.195366422102112,0.0290351952111257,0.02697565624440585,0.039111147457259555,1.9993108104258197e-06,1.999311055137227e-06,0.009999881426013602,0.010000098489998166,-1.1977178621303656e-07,0.26012294721026813,0.5484164285622943,0.8313403543396108,0.9970952588799953,0.15861787328462046,0.7300940115711926,-7.975514217022391e-05,0.29332707977359634,0.6430228889207935,0.01919451840724651,15.741006839360004,0.002348312119362192,-4.845447716177227e-06,8.654113411310688e-12,-0.0005434567418505232,131.92671338991292
111,8.333333333303885,0.9999999999999726,0.3329702605597614,0.48,0.36494990809900935,0.5631680104887786,14.214988848141244,0.78372505728684,1.7522236483782265,1.0,6.191629458201708,9.11722846979943,0.9999999999987091,0.2847768925550309,6.0,4.0,0.19727436030017068,0.029324752045995786,0.026729395171975683,0.03911114738846342,2.1366396232631933e-06,2.136643156941877e-06,0.01001759381132786,0.010000723502879283,0.0032246766785955804,0.2617696319398511,0.6082323645516879,0.8541356866693258,0.9971229157615364,0.18096941896279956,0.7366671822970143,-0.001097600805091687,0.28635731528369546,0.6144835824985735,0.09500055205655457,14.849975554829529,0.008624764323065713,-6.147900609420835e-05,-1.750336351668986e-09,-0.008125378750510615,132.94749686314347
112,8.33333333332667,0.9999999999999939,0.3307755644776149,0.48,0.3662972488254071,0.5644582820068945,15.847449306512475,0.8254944424048121,1.7540206948217478,1.0006267969627498,6.291318455607587,9.117228509820912,0.9999999999997227,0.27678266706348476,6.0,4.0,0.19706330811212686,0.029594621988364916,0.02653670873894801,0.03911114728924819,-2.748065612462737e-05,-2.7480655325146654e-05,0.010021893430665254,0.010000270494474162,0.006895400128221069,0.2634567847522434,0.6472386552519217,0.8689630445127413,0.9971376931272147,0.19773973633202727,0.7415288228522574,-0.0005029977887669439,0.28231046776936014,0.5873014106219614,0.16607430244619986,14.065709742321713,0.014450575830041636,-4.4971170328845104e-05,1.0286267351579121e-07,-0.004825374353645967,133.2629974781566
113,8.33333333335063,1.0,0.3301423818225325,0.48000000000104326,0.3666520042985427,0.5648442467911269,16.6378091280802,0.8474489659837136,1.7539985080789275,1.0016756811378749,6.331552758045517,9.11722852716542,1.0,0.2729246766199263,6.0,4.0,0.19525026994749106,0.029767769640173265,0.02645299956164191,0.039111143266040434,-3.0385381041267046e-05,-3.0385383116841418e-05,0.01000158152246579,0.010000061714080188,0.007835925735216553,0.2639599182584436,0.663523910102704,0.8751484510071571,0.9971385199042893,0.20495511077111989,0.7435925718220167,-9.082487517798408e-05,0.2809568080359027,0.5735675485848796,0.20169226558611333,13.627248013311991,0.018176373339744974,-3.6611083098060916e-05,-3.349235746612923e-12,-0.0011152246005910471,133.2917030352138
114,8.33333333335946,1.0,0.32927144815337855,0.48000000000159987,0.36726843399884535,0.565330570636019,16.829271353370018,0.8514556750790717,1.7540534548395634,1.0013697820921095,6.334116104815048,9.11722854108203,1.0,0.2715064610661007,6.0,4.0,0.19346366401421275,0.029840250916677986,0.02642926594758359,0.039111143265969525,-2.488326872847298e-05,-2.4883271863593732e-05,0.010003908933826062,0.010000120364218268,0.009503519688376231,0.2645931379906152,0.6670221885816443,0.8764648755454069,0.997144911255233,0.20525520505633227,0.743612277083158,-5.078330311462848e-06,0.2801803833242918,0.571435380956343,0.20826194833034545,13.422357446148215,0.019733256336731113,-2.269508778993462e-05,-5.1622371288905725e-12,-3.781030347302372e-05,133.30051262548895
115,8.33333333333355,1.0,0.3280796266828166,0.48,0.36816924085555003,0.565978241623572,16.709505193313554,0.8444296980718352,1.7540935704812137,1.0000000000000249,6.31982987816462,9.11722855353449,1.0,0.2713696220810456,6.0,4.0,0.19225521635709583,0.029844393598183066,0.02643356828067545,0.03911114326617406,-8.57306587920142e-06,-8.573065905349169e-06,0.010007519875356101,0.010000479350402602,0.011930590657383501,0.2654349591223908,0.6643055563157034,0.8754148950846202,0.9971560316572324,0.20216914838320943,0.7426374142263105,-6.587174203438659e-06,0.27959684937980805,0.5760657823608147,0.1976893985639917,13.360423960085482,0.019822190175406287,-8.810456456821512e-06,6.741760693468116e-14,-1.3254243248633779e-05,133.3059730587644
116,8.333333333352115,1.0,0.3276779371462637,0.4800000000011117,0.3684966953041019,0.5661897443422906,16.53240947241494,0.8366060910342592,1.7541758787453026,1.0000000000019327,6.306157415150178,9.11722856672977,1.0,0.27190369932807773,6.0,4.0,0.19180047952189427,0.029824976455512943,0.026449297957771928,0.03911114326602952,3.444704212524898e-07,3.4446816741015557e-07,0.010000864260344855,0.010000113337974126,0.012801974566239698,0.26570908771402535,0.6606455272287846,0.874016029771121,0.9971606770249433,0.19955625675860136,0.7418435120046167,-5.450717655068962e-06,0.2796105120971934,0.5812596160176684,0.18462609148610754,13.390904655032248,0.0194052974952448,-1.151561321729975e-06,-3.628309156371485e-12,-7.26909186497815e-05,133.3073837887055
117,8.333333333358338,1.0,0.32679883571146934,0.48000000000154075,0.36917902721388324,0.5666628310005413,16.33574737347753,0.8242792313848187,1.754281213015346,1.0000000000026557,6.291911474701809,9.11722859235263,1.0,0.27238567114951223,6.0,4.0,0.1915381642052811,0.0297948795871741,0.026462439772777045,0.0391111432659777,1.2884693272848405e-06,1.28846632680111e-06,0.010004128839201622,0.010000323142685397,0.014629804012297826,0.2663222765837259,0.6563443618493556,0.872368572156594,0.9971696158470544,0.1964159742900222,0.7408835862154415,-9.197127182232582e-06,0.27936175216864995,0.5890439451262416,0.16472345983940867,13.424433139180444,0.018758875932453085,-4.24919376328379e-07,-4.953242547393061e-12,-7.267502786026392e-05,133.31340966387063
118,8.33333333334929,1.0,0.3255820620440932,0.4800000000009565,0.37011728604343436,0.5673210051204886,16.124605791385957,0.8014942704363943,1.7544621576501247,1.0000000000016749,6.276712905575494,9.117228646361527,1.0,0.2728262892809993,6.0,4.0,0.19136787341665445,0.029758615884006162,0.026474017274961813,0.039111143266051335,1.2922791143586642e-06,1.2922771995856253e-06,0.010007919000334375,0.010000513260415622,0.01713151098953101,0.26717358920046685,0.6515163083566406,0.8705167286249279,0.9971816380659272,0.19281638887055347,0.7397781211386341,-1.3026687540613654e-05,0.27893846575384207,0.6022540940792689,0.12974283268357054,13.457824842702328,0.01797962746564884,-2.1990650248393552e-07,-3.070517166364544e-12,-6.637903055814465e-05,133.32440101646003
119,8.333333333391371,1.0,0.32338520747105276,0.48000000000347476,0.3718120508668413,0.568511735217586,15.78509300996452,0.7370055011350902,1.7550217514713675,1.000000000006076,6.251494125763104,9.117228808470765,1.0,0.2734662253834226,6.0,4.0,0.1911704769617862,0.02969867272364555,0.026490519861145395,0.03911114326572952,1.8886714106190397e-06,1.8886644461502073e-06,0.010025897978051266,0.010001429935071915,0.02162931407530005,0.2687091483885089,0.6433950779057084,0.8673982046263211,0.9972033124861236,0.18667738743808412,0.7378845938137283,-3.8536519684617956e-05,0.2781235984002955,0.6371654050800223,0.03446661893510653,13.50794916304979,0.016690643203273497,-3.6748885982648854e-07,-1.1298658677987288e-11,-0.00014177197845230416,133.35572901611548
120,8.333333333348927,1.0,0.32323501578178676,0.4800000000009138,0.37191550171509075,0.5685997775697075,15.884195881693733,0.7119711796293677,1.7552552825161014,1.0000000000016218,6.2576928159544645,9.117228884800621,1.0,0.2730169894689407,6.0,4.0,0.1914031054446217,0.029709410447741592,0.02647833108034344,0.03911114326605406,-4.5098787279060504e-07,-4.5098974407510997e-07,0.010000111228912598,0.009999999427766082,0.021875977177699842,0.2688213254086219,0.6455261802837232,0.8682104144796499,0.9972045298904443,0.1876839163910337,0.7381806247653313,-1.517427143485808e-06,0.2778866520732625,0.6491459685233988,-2.4355366769915467e-05,13.475538952426756,0.01692161567407672,-3.4266531100288036e-07,-3.000793167613676e-12,-2.0037517301507712e-05,133.3825546635132
121,8.333333333321047,0.9999999999999886,0.3256110916225259,0.48,0.3700447888681803,0.5673195554807325,16.406561285062264,0.7078634408483524,1.755434678833788,1.0,6.293188219588657,9.117228927002927,0.9999999999994514,0.2717065712874334,6.0,4.0,0.19195693766602873,0.029795589019116876,0.026443603776149585,0.03911114326626678,1.0377685802044137e-05,1.0377687276435614e-05,0.010030397552355528,0.01000182210629208,0.016961273884169282,0.2671726854986077,0.6574095580278997,0.8727632920148851,0.9971814805572222,0.19587478260410404,0.740680939587529,-7.147682357392007e-05,0.2784556419611774,0.6475329468539235,-7.328804569629113e-05,13.377019898392879,0.018774091396902774,-2.1727707229745144e-06,2.43803356446418e-12,-0.0005135095061548078,133.41643166089224
122,8.333333333313934,0.9999999999999815,0.32702106526397634,0.48,0.36896042581920396,0.5665576188862821,16.667566760413155,0.7058924893852376,1.7554498874374866,1.0,6.310799590246119,9.117228954674587,0.999999999999107,0.27115484448964516,6.0,4.0,0.19217264188100489,0.029841632018477216,0.026429193336077003,0.03911114326632678,2.3797114620480582e-06,2.3797137899337088e-06,0.010010593452421723,0.010000624590771445,0.014052430842213344,0.26618625300991017,0.6631370252547043,0.8749585602478256,0.9971677030336227,0.2000723644980165,0.7419648321705259,-1.8282722305818356e-05,0.27898214256271536,0.6466048866767804,-1.692369162707708e-05,13.33505673030661,0.019762875474159405,-3.4651662729275e-07,3.972138951738359e-12,-0.00010679725676601692,133.41587624389607
123,8.33333333331178,0.9999999999999803,0.3271398810060101,0.48,0.3688728000192799,0.5664930906786559,16.68202468099856,0.7057879898697662,1.755449361640233,1.0,6.311699349979793,9.117228963318974,0.999999999999067,0.2711393629508249,6.0,4.0,0.192168315673452,0.029844884449049265,0.026428861141922576,0.03911114326633496,1.04311539071144e-09,1.0457017662723114e-09,0.010000072864843088,0.010000001418646098,0.013807738695945315,0.2661022036433983,0.6634615626288347,0.8750834228847476,0.9971665740959746,0.2003246518036275,0.7420428377573688,-7.587002502480749e-08,0.2790501477408283,0.646534650275579,-4.991917842811189e-08,13.333460208008656,0.01983269681270317,-3.423327291729621e-10,4.181310947990962e-12,-6.4688474854524e-08,133.41486176432662
